seed,amplitude,snr,solver,protocol,distance,lam,shrink,device,backend,field_scale,field_terms,unexplained_pct,rms_log,planted_cv_pct,floor_pct,unexplained_brain_pct,rms_log_brain,planted_cv_brain_pct,floor_brain_pct,iterations,seconds,baseline_seconds,timestamp,git_commit,torch_version,host
1,0.2,inf,normal,fixed30,75,1e-07,4,cpu,torch,400,8,2.10752,0.0213278,3.9497,0.00479213,0.962595,0.00968991,2.80681,0.00448657,30,2.18,2.22,2026-08-01T01:51:24,9124b27,2.13.0+cu130,gonzalo
1,0.2,40,normal,fixed30,75,1e-07,4,cpu,torch,400,8,3.10561,0.0314317,3.9497,0.00479213,1.75085,0.0176554,2.80681,0.00448657,30,2.25,2.22,2026-08-01T01:51:24,9124b27,2.13.0+cu130,gonzalo
1,0.2,20,normal,fixed30,75,1e-07,4,cpu,torch,400,8,5.89574,0.0590414,3.9497,0.00479213,3.84288,0.0386368,2.80681,0.00448657,30,2.226,2.22,2026-08-01T01:51:24,9124b27,2.13.0+cu130,gonzalo
1,0.4,inf,normal,fixed30,75,1e-07,4,cpu,torch,400,8,4.81503,0.0493702,8.01912,0.0083344,2.37227,0.024076,5.66111,0.00736837,30,2.3,2.22,2026-08-01T01:51:24,9124b27,2.13.0+cu130,gonzalo
1,0.4,40,normal,fixed30,75,1e-07,4,cpu,torch,400,8,5.72238,0.0584306,8.01912,0.0083344,3.13876,0.0317866,5.66111,0.00736837,30,2.187,2.22,2026-08-01T01:51:24,9124b27,2.13.0+cu130,gonzalo
1,0.4,20,normal,fixed30,75,1e-07,4,cpu,torch,400,8,7.65957,0.0773882,8.01912,0.0083344,4.7413,0.0477658,5.66111,0.00736837,30,2.062,2.22,2026-08-01T01:51:24,9124b27,2.13.0+cu130,gonzalo
1,0.8,inf,normal,fixed30,75,1e-07,4,cpu,torch,400,8,9.49703,0.100007,16.5439,0.014373,4.70922,0.0483003,11.5177,0.0107413,30,2.34,2.22,2026-08-01T01:51:24,9124b27,2.13.0+cu130,gonzalo
1,0.8,40,normal,fixed30,75,1e-07,4,cpu,torch,400,8,9.91759,0.104256,16.5439,0.014373,5.12214,0.0524267,11.5177,0.0107413,30,2.086,2.22,2026-08-01T01:51:24,9124b27,2.13.0+cu130,gonzalo
1,0.8,20,normal,fixed30,75,1e-07,4,cpu,torch,400,8,10.3701,0.108565,16.5439,0.014373,5.74356,0.0585245,11.5177,0.0107413,30,2.133,2.22,2026-08-01T01:51:24,9124b27,2.13.0+cu130,gonzalo
2,0.2,inf,normal,fixed30,75,1e-07,4,cpu,torch,400,8,2.21802,0.0218914,3.87511,0.00273464,0.97082,0.00969031,3.28263,0.00185466,30,2.273,2.22,2026-08-01T01:51:24,9124b27,2.13.0+cu130,gonzalo
2,0.2,40,normal,fixed30,75,1e-07,4,cpu,torch,400,8,2.73,0.0274552,3.87511,0.00273464,1.51552,0.0152734,3.28263,0.00185466,30,2.164,2.22,2026-08-01T01:51:24,9124b27,2.13.0+cu130,gonzalo
2,0.2,20,normal,fixed30,75,1e-07,4,cpu,torch,400,8,5.48508,0.0550663,3.87511,0.00273464,3.66246,0.0368953,3.28263,0.00185466,30,2.275,2.22,2026-08-01T01:51:24,9124b27,2.13.0+cu130,gonzalo
2,0.4,inf,normal,fixed30,75,1e-07,4,cpu,torch,400,8,5.03778,0.049862,7.6336,0.00623601,2.2884,0.0229593,6.49394,0.00474227,30,2.417,2.22,2026-08-01T01:51:24,9124b27,2.13.0+cu130,gonzalo
2,0.4,40,normal,fixed30,75,1e-07,4,cpu,torch,400,8,5.58884,0.0560356,7.6336,0.00623601,2.83656,0.0286751,6.49394,0.00474227,30,2.166,2.22,2026-08-01T01:51:24,9124b27,2.13.0+cu130,gonzalo
2,0.4,20,normal,fixed30,75,1e-07,4,cpu,torch,400,8,6.89616,0.0696548,7.6336,0.00623601,4.2463,0.0429967,6.49394,0.00474227,30,2.283,2.22,2026-08-01T01:51:24,9124b27,2.13.0+cu130,gonzalo
2,0.8,inf,normal,fixed30,75,1e-07,4,cpu,torch,400,8,10.1205,0.100449,14.8258,0.0188542,5.20896,0.0526247,12.7108,0.0174539,30,2.607,2.22,2026-08-01T01:51:24,9124b27,2.13.0+cu130,gonzalo
2,0.8,40,normal,fixed30,75,1e-07,4,cpu,torch,400,8,10.388,0.103202,14.8258,0.0188542,5.51582,0.0557546,12.7108,0.0174539,30,2.6,2.22,2026-08-01T01:51:24,9124b27,2.13.0+cu130,gonzalo
2,0.8,20,normal,fixed30,75,1e-07,4,cpu,torch,400,8,10.5931,0.105371,14.8258,0.0188542,6.00478,0.0606411,12.7108,0.0174539,30,2.411,2.22,2026-08-01T01:51:24,9124b27,2.13.0+cu130,gonzalo
3,0.2,inf,normal,fixed30,75,1e-07,4,cpu,torch,400,8,2.02303,0.0202779,3.96223,0.001591,0.841907,0.00844628,2.92538,0.00121479,30,2.372,2.22,2026-08-01T01:51:24,9124b27,2.13.0+cu130,gonzalo
3,0.2,40,normal,fixed30,75,1e-07,4,cpu,torch,400,8,2.56069,0.025913,3.96223,0.001591,1.3938,0.0140564,2.92538,0.00121479,30,2.451,2.22,2026-08-01T01:51:24,9124b27,2.13.0+cu130,gonzalo
3,0.2,20,normal,fixed30,75,1e-07,4,cpu,torch,400,8,5.28077,0.052974,3.96223,0.001591,3.53369,0.0355955,2.92538,0.00121479,30,2.516,2.22,2026-08-01T01:51:24,9124b27,2.13.0+cu130,gonzalo
3,0.4,inf,normal,fixed30,75,1e-07,4,cpu,torch,400,8,4.34539,0.0442365,8.00337,0.00308768,1.97181,0.0200073,5.87492,0.00213631,30,2.198,2.22,2026-08-01T01:51:24,9124b27,2.13.0+cu130,gonzalo
3,0.4,40,normal,fixed30,75,1e-07,4,cpu,torch,400,8,4.85042,0.0496803,8.00337,0.00308768,2.52349,0.0256705,5.87492,0.00213631,30,2.54,2.22,2026-08-01T01:51:24,9124b27,2.13.0+cu130,gonzalo
3,0.4,20,normal,fixed30,75,1e-07,4,cpu,torch,400,8,6.70432,0.068118,8.00337,0.00308768,4.23524,0.0428868,5.87492,0.00213631,30,2.716,2.22,2026-08-01T01:51:24,9124b27,2.13.0+cu130,gonzalo
3,0.8,inf,normal,fixed30,75,1e-07,4,cpu,torch,400,8,8.98724,0.0938682,16.3393,0.00715361,4.29804,0.0442265,11.8498,0.00503285,30,2.458,2.22,2026-08-01T01:51:24,9124b27,2.13.0+cu130,gonzalo
3,0.8,40,normal,fixed30,75,1e-07,4,cpu,torch,400,8,9.28362,0.0973576,16.3393,0.00715361,4.64869,0.0479071,11.8498,0.00503285,30,2.598,2.22,2026-08-01T01:51:24,9124b27,2.13.0+cu130,gonzalo
3,0.8,20,normal,fixed30,75,1e-07,4,cpu,torch,400,8,9.66778,0.101516,16.3393,0.00715361,5.26195,0.0540755,11.8498,0.00503285,30,2.396,2.22,2026-08-01T01:51:24,9124b27,2.13.0+cu130,gonzalo
4,0.2,inf,normal,fixed30,75,1e-07,4,cpu,torch,400,8,2.35264,0.0236463,4.78204,0.00301097,1.46827,0.0145266,3.64935,0.00229466,30,2.433,2.22,2026-08-01T01:51:24,9124b27,2.13.0+cu130,gonzalo
4,0.2,40,normal,fixed30,75,1e-07,4,cpu,torch,400,8,2.74964,0.0278543,4.78204,0.00301097,1.51905,0.0151878,3.64935,0.00229466,30,2.679,2.22,2026-08-01T01:51:24,9124b27,2.13.0+cu130,gonzalo
4,0.2,20,normal,fixed30,75,1e-07,4,cpu,torch,400,8,4.78715,0.0487939,4.78204,0.00301097,2.92064,0.0294097,3.64935,0.00229466,30,2.63,2.22,2026-08-01T01:51:24,9124b27,2.13.0+cu130,gonzalo
4,0.4,inf,normal,fixed30,75,1e-07,4,cpu,torch,400,8,5.02934,0.0502179,9.53594,0.00774396,3.76807,0.0366046,7.282,0.00671299,30,2.467,2.22,2026-08-01T01:51:24,9124b27,2.13.0+cu130,gonzalo
4,0.4,40,normal,fixed30,75,1e-07,4,cpu,torch,400,8,5.1287,0.0518285,9.53594,0.00774396,3.28707,0.0324056,7.282,0.00671299,30,2.629,2.22,2026-08-01T01:51:24,9124b27,2.13.0+cu130,gonzalo
4,0.4,20,normal,fixed30,75,1e-07,4,cpu,torch,400,8,6.29116,0.0649179,9.53594,0.00774396,3.60535,0.0364858,7.282,0.00671299,30,2.535,2.22,2026-08-01T01:51:24,9124b27,2.13.0+cu130,gonzalo
4,0.8,inf,normal,fixed30,75,1e-07,4,cpu,torch,400,8,11.025,0.110702,18.9441,0.0310387,7.1936,0.0696135,14.4923,0.0302869,30,2.618,2.22,2026-08-01T01:51:24,9124b27,2.13.0+cu130,gonzalo
4,0.8,40,normal,fixed30,75,1e-07,4,cpu,torch,400,8,11.2704,0.113708,18.9441,0.0310387,6.93444,0.0677465,14.4923,0.0302869,30,2.382,2.22,2026-08-01T01:51:24,9124b27,2.13.0+cu130,gonzalo
4,0.8,20,normal,fixed30,75,1e-07,4,cpu,torch,400,8,11.5922,0.118389,18.9441,0.0310387,6.74535,0.0670935,14.4923,0.0302869,30,2.585,2.22,2026-08-01T01:51:24,9124b27,2.13.0+cu130,gonzalo
5,0.2,inf,normal,fixed30,75,1e-07,4,cpu,torch,400,8,2.32323,0.0231986,3.59851,0.0129451,0.981633,0.00985474,2.63017,0.0134565,30,2.905,2.22,2026-08-01T01:51:24,9124b27,2.13.0+cu130,gonzalo
5,0.2,40,normal,fixed30,75,1e-07,4,cpu,torch,400,8,2.45168,0.0249455,3.59851,0.0129451,1.31891,0.0133381,2.63017,0.0134565,30,2.641,2.22,2026-08-01T01:51:24,9124b27,2.13.0+cu130,gonzalo
5,0.2,20,normal,fixed30,75,1e-07,4,cpu,torch,400,8,4.89945,0.049164,3.59851,0.0129451,3.38355,0.0340975,2.63017,0.0134565,30,2.661,2.22,2026-08-01T01:51:24,9124b27,2.13.0+cu130,gonzalo
5,0.4,inf,normal,fixed30,75,1e-07,4,cpu,torch,400,8,4.70306,0.0473525,7.25264,0.0289317,1.96265,0.0198426,5.28404,0.0299439,30,2.759,2.22,2026-08-01T01:51:24,9124b27,2.13.0+cu130,gonzalo
5,0.4,40,normal,fixed30,75,1e-07,4,cpu,torch,400,8,4.54502,0.0464001,7.25264,0.0289317,2.13543,0.0217345,5.28404,0.0299439,30,2.631,2.22,2026-08-01T01:51:24,9124b27,2.13.0+cu130,gonzalo
5,0.4,20,normal,fixed30,75,1e-07,4,cpu,torch,400,8,5.59395,0.0570415,7.25264,0.0289317,3.60751,0.0366333,5.28404,0.0299439,30,2.521,2.22,2026-08-01T01:51:24,9124b27,2.13.0+cu130,gonzalo
5,0.8,inf,normal,fixed30,75,1e-07,4,cpu,torch,400,8,8.45653,0.0856962,14.7383,0.0709379,3.68384,0.0375711,10.6651,0.0724598,30,2.666,2.22,2026-08-01T01:51:24,9124b27,2.13.0+cu130,gonzalo
5,0.8,40,normal,fixed30,75,1e-07,4,cpu,torch,400,8,8.47443,0.0869366,14.7383,0.0709379,3.94278,0.0404786,10.6651,0.0724598,30,2.646,2.22,2026-08-01T01:51:24,9124b27,2.13.0+cu130,gonzalo
5,0.8,20,normal,fixed30,75,1e-07,4,cpu,torch,400,8,8.67747,0.0901162,14.7383,0.0709379,4.71869,0.0485832,10.6651,0.0724598,30,2.694,2.22,2026-08-01T01:51:24,9124b27,2.13.0+cu130,gonzalo
6,0.2,inf,normal,fixed30,75,1e-07,4,cpu,torch,400,8,2.18871,0.0220278,4.06629,0.00236199,0.959393,0.00958983,3.49629,0.00192267,30,2.672,2.22,2026-08-01T01:51:24,9124b27,2.13.0+cu130,gonzalo
6,0.2,40,normal,fixed30,75,1e-07,4,cpu,torch,400,8,2.65275,0.0269268,4.06629,0.00236199,1.19839,0.0120689,3.49629,0.00192267,30,2.748,2.22,2026-08-01T01:51:24,9124b27,2.13.0+cu130,gonzalo
6,0.2,20,normal,fixed30,75,1e-07,4,cpu,torch,400,8,4.80708,0.0486725,4.06629,0.00236199,2.86865,0.0288157,3.49629,0.00192267,30,2.489,2.22,2026-08-01T01:51:24,9124b27,2.13.0+cu130,gonzalo
6,0.4,inf,normal,fixed30,75,1e-07,4,cpu,torch,400,8,4.53932,0.0460015,8.07184,0.00492231,2.03658,0.0204122,6.96086,0.00401434,30,3.12,2.22,2026-08-01T01:51:24,9124b27,2.13.0+cu130,gonzalo
6,0.4,40,normal,fixed30,75,1e-07,4,cpu,torch,400,8,4.94433,0.0505154,8.07184,0.00492231,2.20096,0.0222543,6.96086,0.00401434,30,2.984,2.22,2026-08-01T01:51:24,9124b27,2.13.0+cu130,gonzalo
6,0.4,20,normal,fixed30,75,1e-07,4,cpu,torch,400,8,6.78875,0.0697659,8.07184,0.00492231,3.70865,0.0374778,6.96086,0.00401434,30,3.185,2.22,2026-08-01T01:51:24,9124b27,2.13.0+cu130,gonzalo
6,0.8,inf,normal,fixed30,75,1e-07,4,cpu,torch,400,8,9.96731,0.103397,15.9113,0.011515,4.79158,0.048766,13.797,0.00987448,30,3.132,2.22,2026-08-01T01:51:24,9124b27,2.13.0+cu130,gonzalo
6,0.8,40,normal,fixed30,75,1e-07,4,cpu,torch,400,8,10.3312,0.107295,15.9113,0.011515,5.11923,0.0521717,13.797,0.00987448,30,3.29,2.22,2026-08-01T01:51:24,9124b27,2.13.0+cu130,gonzalo
6,0.8,20,normal,fixed30,75,1e-07,4,cpu,torch,400,8,10.7678,0.111755,15.9113,0.011515,5.71214,0.0582732,13.797,0.00987448,30,3.131,2.22,2026-08-01T01:51:24,9124b27,2.13.0+cu130,gonzalo
7,0.2,inf,normal,fixed30,75,1e-07,4,cpu,torch,400,8,2.47639,0.0253407,5.05801,0.00312917,1.12376,0.0113173,4.27706,0.00246918,30,3.074,2.22,2026-08-01T01:51:24,9124b27,2.13.0+cu130,gonzalo
7,0.2,40,normal,fixed30,75,1e-07,4,cpu,torch,400,8,3.00491,0.0308229,5.05801,0.00312917,1.54989,0.0156662,4.27706,0.00246918,30,3.079,2.22,2026-08-01T01:51:24,9124b27,2.13.0+cu130,gonzalo
7,0.2,20,normal,fixed30,75,1e-07,4,cpu,torch,400,8,5.17439,0.0527294,5.05801,0.00312917,3.25352,0.0328732,4.27706,0.00246918,30,3.424,2.22,2026-08-01T01:51:24,9124b27,2.13.0+cu130,gonzalo
7,0.4,inf,normal,fixed30,75,1e-07,4,cpu,torch,400,8,4.69458,0.0486099,10.1879,0.00663565,2.17005,0.0220094,8.59942,0.00565098,30,3.439,2.22,2026-08-01T01:51:24,9124b27,2.13.0+cu130,gonzalo
7,0.4,40,normal,fixed30,75,1e-07,4,cpu,torch,400,8,5.21697,0.0541065,10.1879,0.00663565,2.6407,0.0268632,8.59942,0.00565098,30,3.189,2.22,2026-08-01T01:51:24,9124b27,2.13.0+cu130,gonzalo
7,0.4,20,normal,fixed30,75,1e-07,4,cpu,torch,400,8,6.72517,0.0696118,10.1879,0.00663565,4.01348,0.0408058,8.59942,0.00565098,30,3.63,2.22,2026-08-01T01:51:24,9124b27,2.13.0+cu130,gonzalo
7,0.8,inf,normal,fixed30,75,1e-07,4,cpu,torch,400,8,10.4496,0.11049,20.6432,0.0154814,6.01905,0.0621487,17.3717,0.0139716,30,3.096,2.22,2026-08-01T01:51:24,9124b27,2.13.0+cu130,gonzalo
7,0.8,40,normal,fixed30,75,1e-07,4,cpu,torch,400,8,10.6464,0.112248,20.6432,0.0154814,6.28916,0.0647854,17.3717,0.0139716,30,3.137,2.22,2026-08-01T01:51:24,9124b27,2.13.0+cu130,gonzalo
7,0.8,20,normal,fixed30,75,1e-07,4,cpu,torch,400,8,11.0211,0.115597,20.6432,0.0154814,6.81795,0.0700741,17.3717,0.0139716,30,3.316,2.22,2026-08-01T01:51:24,9124b27,2.13.0+cu130,gonzalo
8,0.2,inf,normal,fixed30,75,1e-07,4,cpu,torch,400,8,2.05982,0.0208423,4.18503,0.00217594,1.12456,0.0111982,3.35071,0.00130623,30,3.439,2.22,2026-08-01T01:51:24,9124b27,2.13.0+cu130,gonzalo
8,0.2,40,normal,fixed30,75,1e-07,4,cpu,torch,400,8,2.61138,0.0266213,4.18503,0.00217594,1.37496,0.0138191,3.35071,0.00130623,30,3.59,2.22,2026-08-01T01:51:24,9124b27,2.13.0+cu130,gonzalo
8,0.2,20,normal,fixed30,75,1e-07,4,cpu,torch,400,8,5.18144,0.0527145,4.18503,0.00217594,3.16557,0.0318843,3.35071,0.00130623,30,3.682,2.22,2026-08-01T01:51:24,9124b27,2.13.0+cu130,gonzalo
8,0.4,inf,normal,fixed30,75,1e-07,4,cpu,torch,400,8,4.13044,0.0419692,8.39204,0.00468117,2.55311,0.0252245,6.70955,0.00318396,30,3.52,2.22,2026-08-01T01:51:24,9124b27,2.13.0+cu130,gonzalo
8,0.4,40,normal,fixed30,75,1e-07,4,cpu,torch,400,8,4.51124,0.0463358,8.39204,0.00468117,2.50158,0.0250723,6.70955,0.00318396,30,3.338,2.22,2026-08-01T01:51:24,9124b27,2.13.0+cu130,gonzalo
8,0.4,20,normal,fixed30,75,1e-07,4,cpu,torch,400,8,6.22297,0.0642091,8.39204,0.00468117,3.53952,0.0358419,6.70955,0.00318396,30,3.505,2.22,2026-08-01T01:51:24,9124b27,2.13.0+cu130,gonzalo
8,0.8,inf,normal,fixed30,75,1e-07,4,cpu,torch,400,8,8.83384,0.0905409,16.8781,0.0116011,5.48745,0.0539048,13.4553,0.00958733,30,3.147,2.22,2026-08-01T01:51:24,9124b27,2.13.0+cu130,gonzalo
8,0.8,40,normal,fixed30,75,1e-07,4,cpu,torch,400,8,8.93876,0.0921455,16.8781,0.0116011,5.31061,0.05269,13.4553,0.00958733,30,2.932,2.22,2026-08-01T01:51:24,9124b27,2.13.0+cu130,gonzalo
8,0.8,20,normal,fixed30,75,1e-07,4,cpu,torch,400,8,9.35574,0.0973767,16.8781,0.0116011,5.41719,0.0545911,13.4553,0.00958733,30,2.966,2.22,2026-08-01T01:51:24,9124b27,2.13.0+cu130,gonzalo
9,0.2,inf,normal,fixed30,75,1e-07,4,cpu,torch,400,8,2.86236,0.029058,5.10647,0.00625156,1.14174,0.0114976,4.26559,0.00622246,30,2.783,2.22,2026-08-01T01:51:24,9124b27,2.13.0+cu130,gonzalo
9,0.2,40,normal,fixed30,75,1e-07,4,cpu,torch,400,8,3.52994,0.0359711,5.10647,0.00625156,1.64868,0.0166134,4.26559,0.00622246,30,2.94,2.22,2026-08-01T01:51:24,9124b27,2.13.0+cu130,gonzalo
9,0.2,20,normal,fixed30,75,1e-07,4,cpu,torch,400,8,6.07613,0.0613214,5.10647,0.00625156,3.75027,0.0376609,4.26559,0.00622246,30,3.757,2.22,2026-08-01T01:51:24,9124b27,2.13.0+cu130,gonzalo
9,0.4,inf,normal,fixed30,75,1e-07,4,cpu,torch,400,8,7.24085,0.0750735,10.3212,0.0156022,3.83189,0.0389794,8.62854,0.0160915,30,3.355,2.22,2026-08-01T01:51:24,9124b27,2.13.0+cu130,gonzalo
9,0.4,40,normal,fixed30,75,1e-07,4,cpu,torch,400,8,7.80806,0.0807947,10.3212,0.0156022,4.3246,0.0438871,8.62854,0.0160915,30,3.758,2.22,2026-08-01T01:51:24,9124b27,2.13.0+cu130,gonzalo
9,0.4,20,normal,fixed30,75,1e-07,4,cpu,torch,400,8,8.40494,0.0865405,10.3212,0.0156022,5.03351,0.0508931,8.62854,0.0160915,30,5.062,2.22,2026-08-01T01:51:24,9124b27,2.13.0+cu130,gonzalo
9,0.8,inf,normal,fixed30,75,1e-07,4,cpu,torch,400,8,11.8792,0.126156,21.0496,0.0420231,6.92254,0.0724066,17.644,0.04379,30,4.208,2.22,2026-08-01T01:51:24,9124b27,2.13.0+cu130,gonzalo
9,0.8,40,normal,fixed30,75,1e-07,4,cpu,torch,400,8,12.0745,0.128254,21.0496,0.0420231,7.19615,0.0752932,17.644,0.04379,30,4.058,2.22,2026-08-01T01:51:24,9124b27,2.13.0+cu130,gonzalo
9,0.8,20,normal,fixed30,75,1e-07,4,cpu,torch,400,8,12.2593,0.130224,21.0496,0.0420231,7.47864,0.0782135,17.644,0.04379,30,3.915,2.22,2026-08-01T01:51:24,9124b27,2.13.0+cu130,gonzalo
10,0.2,inf,normal,fixed30,75,1e-07,4,cpu,torch,400,8,2.10286,0.0207865,4.29961,0.00355008,0.965108,0.00964192,3.72893,0.0032509,30,3.685,2.22,2026-08-01T01:51:24,9124b27,2.13.0+cu130,gonzalo
10,0.2,40,normal,fixed30,75,1e-07,4,cpu,torch,400,8,2.46127,0.0248619,4.29961,0.00355008,1.47479,0.0149002,3.72893,0.0032509,30,4.195,2.22,2026-08-01T01:51:24,9124b27,2.13.0+cu130,gonzalo
10,0.2,20,normal,fixed30,75,1e-07,4,cpu,torch,400,8,4.81793,0.0486405,4.29961,0.00355008,3.34959,0.0339039,3.72893,0.0032509,30,4.368,2.22,2026-08-01T01:51:24,9124b27,2.13.0+cu130,gonzalo
10,0.4,inf,normal,fixed30,75,1e-07,4,cpu,torch,400,8,4.32224,0.0432336,8.6009,0.00686183,2.30848,0.0233982,7.43999,0.00585708,30,3.954,2.22,2026-08-01T01:51:24,9124b27,2.13.0+cu130,gonzalo
10,0.4,40,normal,fixed30,75,1e-07,4,cpu,torch,400,8,4.72077,0.0478705,8.6009,0.00686183,2.84934,0.029074,7.43999,0.00585708,30,3.905,2.22,2026-08-01T01:51:24,9124b27,2.13.0+cu130,gonzalo
10,0.4,20,normal,fixed30,75,1e-07,4,cpu,torch,400,8,6.00453,0.0610992,8.6009,0.00686183,4.02248,0.0410217,7.43999,0.00585708,30,3.773,2.22,2026-08-01T01:51:24,9124b27,2.13.0+cu130,gonzalo
10,0.8,inf,normal,fixed30,75,1e-07,4,cpu,torch,400,8,9.18999,0.0925195,17.2108,0.0134552,5.0997,0.0522465,14.8099,0.00995171,30,4.299,2.22,2026-08-01T01:51:24,9124b27,2.13.0+cu130,gonzalo
10,0.8,40,normal,fixed30,75,1e-07,4,cpu,torch,400,8,9.43741,0.0953585,17.2108,0.0134552,5.3647,0.0550257,14.8099,0.00995171,30,3.928,2.22,2026-08-01T01:51:24,9124b27,2.13.0+cu130,gonzalo
10,0.8,20,normal,fixed30,75,1e-07,4,cpu,torch,400,8,9.73637,0.0986447,17.2108,0.0134552,5.87181,0.060169,14.8099,0.00995171,30,4.208,2.22,2026-08-01T01:51:24,9124b27,2.13.0+cu130,gonzalo
11,0.2,inf,normal,fixed30,75,1e-07,4,cpu,torch,400,8,1.4461,0.0143659,4.13092,0.00249512,0.539716,0.00537886,3.25046,0.00198902,30,4.159,2.22,2026-08-01T01:51:24,9124b27,2.13.0+cu130,gonzalo
11,0.2,40,normal,fixed30,75,1e-07,4,cpu,torch,400,8,1.75804,0.017737,4.13092,0.00249512,0.916528,0.00921917,3.25046,0.00198902,30,3.726,2.22,2026-08-01T01:51:24,9124b27,2.13.0+cu130,gonzalo
11,0.2,20,normal,fixed30,75,1e-07,4,cpu,torch,400,8,4.15579,0.0419496,4.13092,0.00249512,2.76603,0.0278419,3.25046,0.00198902,30,4.557,2.22,2026-08-01T01:51:24,9124b27,2.13.0+cu130,gonzalo
11,0.4,inf,normal,fixed30,75,1e-07,4,cpu,torch,400,8,3.48482,0.03453,8.14426,0.00511966,1.31378,0.0131192,6.441,0.00393651,30,4.282,2.22,2026-08-01T01:51:24,9124b27,2.13.0+cu130,gonzalo
11,0.4,40,normal,fixed30,75,1e-07,4,cpu,torch,400,8,3.82375,0.0384521,8.14426,0.00511966,1.72147,0.0173894,6.441,0.00393651,30,3.809,2.22,2026-08-01T01:51:24,9124b27,2.13.0+cu130,gonzalo
11,0.4,20,normal,fixed30,75,1e-07,4,cpu,torch,400,8,5.55258,0.0565894,8.14426,0.00511966,3.35204,0.0339077,6.441,0.00393651,30,4.292,2.22,2026-08-01T01:51:24,9124b27,2.13.0+cu130,gonzalo
11,0.8,inf,normal,fixed30,75,1e-07,4,cpu,torch,400,8,9.00373,0.0907657,15.8344,0.0134185,4.30901,0.043496,12.6463,0.0103901,30,3.622,2.22,2026-08-01T01:51:24,9124b27,2.13.0+cu130,gonzalo
11,0.8,40,normal,fixed30,75,1e-07,4,cpu,torch,400,8,9.26217,0.0935666,15.8344,0.0134185,4.60791,0.0465794,12.6463,0.0103901,30,3.439,2.22,2026-08-01T01:51:24,9124b27,2.13.0+cu130,gonzalo
11,0.8,20,normal,fixed30,75,1e-07,4,cpu,torch,400,8,9.7097,0.0986999,15.8344,0.0134185,5.178,0.0525372,12.6463,0.0103901,30,3.842,2.22,2026-08-01T01:51:24,9124b27,2.13.0+cu130,gonzalo
12,0.2,inf,normal,fixed30,75,1e-07,4,cpu,torch,400,8,2.29432,0.0234522,4.05114,0.00385829,1.0959,0.0110712,3.24863,0.00302982,30,3.589,2.22,2026-08-01T01:51:24,9124b27,2.13.0+cu130,gonzalo
12,0.2,40,normal,fixed30,75,1e-07,4,cpu,torch,400,8,3.26841,0.033413,4.05114,0.00385829,1.82185,0.0184544,3.24863,0.00302982,30,3.702,2.22,2026-08-01T01:51:24,9124b27,2.13.0+cu130,gonzalo
12,0.2,20,normal,fixed30,75,1e-07,4,cpu,torch,400,8,5.74373,0.0581507,4.05114,0.00385829,3.72211,0.0376278,3.24863,0.00302982,30,3.32,2.22,2026-08-01T01:51:24,9124b27,2.13.0+cu130,gonzalo
12,0.4,inf,normal,fixed30,75,1e-07,4,cpu,torch,400,8,4.56326,0.0472011,8.20754,0.00696482,2.2577,0.0229779,6.54936,0.00432617,30,3.301,2.22,2026-08-01T01:51:24,9124b27,2.13.0+cu130,gonzalo
12,0.4,40,normal,fixed30,75,1e-07,4,cpu,torch,400,8,5.62919,0.0580664,8.20754,0.00696482,3.13737,0.0319897,6.54936,0.00432617,30,3.036,2.22,2026-08-01T01:51:24,9124b27,2.13.0+cu130,gonzalo
12,0.4,20,normal,fixed30,75,1e-07,4,cpu,torch,400,8,7.53341,0.0769952,8.20754,0.00696482,4.65613,0.0473159,6.54936,0.00432617,30,3.207,2.22,2026-08-01T01:51:24,9124b27,2.13.0+cu130,gonzalo
12,0.8,inf,normal,fixed30,75,1e-07,4,cpu,torch,400,8,9.03205,0.0946701,16.8609,0.0255927,5.0162,0.0518207,13.3153,0.0231804,30,3.293,2.22,2026-08-01T01:51:24,9124b27,2.13.0+cu130,gonzalo
12,0.8,40,normal,fixed30,75,1e-07,4,cpu,torch,400,8,9.6091,0.10053,16.8609,0.0255927,5.49528,0.0566999,13.3153,0.0231804,30,3.459,2.22,2026-08-01T01:51:24,9124b27,2.13.0+cu130,gonzalo
12,0.8,20,normal,fixed30,75,1e-07,4,cpu,torch,400,8,10.2068,0.106307,16.8609,0.0255927,6.21576,0.063892,13.3153,0.0231804,30,3.311,2.22,2026-08-01T01:51:24,9124b27,2.13.0+cu130,gonzalo
13,0.2,inf,normal,fixed30,75,1e-07,4,cpu,torch,400,8,1.84415,0.0186537,4.05033,0.00298108,0.783303,0.00786713,3.34827,0.0022011,30,3.393,2.22,2026-08-01T01:51:24,9124b27,2.13.0+cu130,gonzalo
13,0.2,40,normal,fixed30,75,1e-07,4,cpu,torch,400,8,2.57123,0.0261822,4.05033,0.00298108,1.32822,0.0134166,3.34827,0.0022011,30,3.38,2.22,2026-08-01T01:51:24,9124b27,2.13.0+cu130,gonzalo
13,0.2,20,normal,fixed30,75,1e-07,4,cpu,torch,400,8,5.08728,0.0516011,4.05033,0.00298108,3.30469,0.0333145,3.34827,0.0022011,30,3.356,2.22,2026-08-01T01:51:24,9124b27,2.13.0+cu130,gonzalo
13,0.4,inf,normal,fixed30,75,1e-07,4,cpu,torch,400,8,3.89893,0.0400385,8.10184,0.00584614,1.72791,0.0174963,6.70213,0.00394054,30,3.363,2.22,2026-08-01T01:51:24,9124b27,2.13.0+cu130,gonzalo
13,0.4,40,normal,fixed30,75,1e-07,4,cpu,torch,400,8,4.57455,0.0472276,8.10184,0.00584614,2.27581,0.0231571,6.70213,0.00394054,30,3.604,2.22,2026-08-01T01:51:24,9124b27,2.13.0+cu130,gonzalo
13,0.4,20,normal,fixed30,75,1e-07,4,cpu,torch,400,8,6.04673,0.0623302,8.10184,0.00584614,3.64829,0.037037,6.70213,0.00394054,30,2.956,2.22,2026-08-01T01:51:24,9124b27,2.13.0+cu130,gonzalo
13,0.8,inf,normal,fixed30,75,1e-07,4,cpu,torch,400,8,8.09162,0.0840996,16.2094,0.0131298,4.06685,0.041643,13.4247,0.00849386,30,2.782,2.22,2026-08-01T01:51:24,9124b27,2.13.0+cu130,gonzalo
13,0.8,40,normal,fixed30,75,1e-07,4,cpu,torch,400,8,8.38353,0.087172,16.2094,0.0131298,4.3557,0.0446466,13.4247,0.00849386,30,2.78,2.22,2026-08-01T01:51:24,9124b27,2.13.0+cu130,gonzalo
13,0.8,20,normal,fixed30,75,1e-07,4,cpu,torch,400,8,8.88968,0.0924904,16.2094,0.0131298,4.98427,0.0510779,13.4247,0.00849386,30,2.95,2.22,2026-08-01T01:51:24,9124b27,2.13.0+cu130,gonzalo
14,0.2,inf,normal,fixed30,75,1e-07,4,cpu,torch,400,8,2.77977,0.0272348,4.54633,0.00229305,1.24387,0.0124234,3.80653,0.00201862,30,2.704,2.22,2026-08-01T01:51:24,9124b27,2.13.0+cu130,gonzalo
14,0.2,40,normal,fixed30,75,1e-07,4,cpu,torch,400,8,2.87131,0.0287384,4.54633,0.00229305,1.65281,0.0167282,3.80653,0.00201862,30,2.746,2.22,2026-08-01T01:51:24,9124b27,2.13.0+cu130,gonzalo
14,0.2,20,normal,fixed30,75,1e-07,4,cpu,torch,400,8,4.60763,0.0463998,4.54633,0.00229305,3.29442,0.0333895,3.80653,0.00201862,30,2.919,2.22,2026-08-01T01:51:24,9124b27,2.13.0+cu130,gonzalo
14,0.4,inf,normal,fixed30,75,1e-07,4,cpu,torch,400,8,5.57737,0.0550539,9.00622,0.00476783,2.76435,0.0280063,7.57758,0.00421876,30,2.598,2.22,2026-08-01T01:51:24,9124b27,2.13.0+cu130,gonzalo
14,0.4,40,normal,fixed30,75,1e-07,4,cpu,torch,400,8,5.59918,0.0560125,9.00622,0.00476783,3.12236,0.0319279,7.57758,0.00421876,30,2.773,2.22,2026-08-01T01:51:24,9124b27,2.13.0+cu130,gonzalo
14,0.4,20,normal,fixed30,75,1e-07,4,cpu,torch,400,8,6.22795,0.0629852,9.00622,0.00476783,4.12263,0.042195,7.57758,0.00421876,30,2.856,2.22,2026-08-01T01:51:24,9124b27,2.13.0+cu130,gonzalo
14,0.8,inf,normal,fixed30,75,1e-07,4,cpu,torch,400,8,10.6242,0.102824,17.6734,0.013065,5.36293,0.0544209,15.0144,0.012035,30,2.9,2.22,2026-08-01T01:51:24,9124b27,2.13.0+cu130,gonzalo
14,0.8,40,normal,fixed30,75,1e-07,4,cpu,torch,400,8,10.7552,0.104872,17.6734,0.013065,5.58729,0.0570231,15.0144,0.012035,30,2.77,2.22,2026-08-01T01:51:24,9124b27,2.13.0+cu130,gonzalo
14,0.8,20,normal,fixed30,75,1e-07,4,cpu,torch,400,8,10.8966,0.107344,17.6734,0.013065,6.05063,0.0619522,15.0144,0.012035,30,2.977,2.22,2026-08-01T01:51:24,9124b27,2.13.0+cu130,gonzalo
15,0.2,inf,normal,fixed30,75,1e-07,4,cpu,torch,400,8,2.25256,0.0231752,3.96115,0.00276719,0.983742,0.00992348,3.37665,0.00160738,30,2.61,2.22,2026-08-01T01:51:24,9124b27,2.13.0+cu130,gonzalo
15,0.2,40,normal,fixed30,75,1e-07,4,cpu,torch,400,8,3.02464,0.0311359,3.96115,0.00276719,1.46914,0.014851,3.37665,0.00160738,30,2.841,2.22,2026-08-01T01:51:24,9124b27,2.13.0+cu130,gonzalo
15,0.2,20,normal,fixed30,75,1e-07,4,cpu,torch,400,8,5.56625,0.0566439,3.96115,0.00276719,3.37413,0.0339835,3.37665,0.00160738,30,2.646,2.22,2026-08-01T01:51:24,9124b27,2.13.0+cu130,gonzalo
15,0.4,inf,normal,fixed30,75,1e-07,4,cpu,torch,400,8,4.20964,0.0439743,8.11356,0.00647506,1.93228,0.0196288,6.86777,0.00395029,30,2.774,2.22,2026-08-01T01:51:24,9124b27,2.13.0+cu130,gonzalo
15,0.4,40,normal,fixed30,75,1e-07,4,cpu,torch,400,8,4.87445,0.0508604,8.11356,0.00647506,2.38835,0.0242942,6.86777,0.00395029,30,2.69,2.22,2026-08-01T01:51:24,9124b27,2.13.0+cu130,gonzalo
15,0.4,20,normal,fixed30,75,1e-07,4,cpu,torch,400,8,6.8503,0.0706905,8.11356,0.00647506,3.96524,0.0400922,6.86777,0.00395029,30,2.893,2.22,2026-08-01T01:51:24,9124b27,2.13.0+cu130,gonzalo
15,0.8,inf,normal,fixed30,75,1e-07,4,cpu,torch,400,8,8.78936,0.0944448,17.0432,0.0238363,4.51134,0.0466016,14.2117,0.0218891,30,2.759,2.22,2026-08-01T01:51:24,9124b27,2.13.0+cu130,gonzalo
15,0.8,40,normal,fixed30,75,1e-07,4,cpu,torch,400,8,9.20627,0.0985516,17.0432,0.0238363,4.92811,0.0507761,14.2117,0.0218891,30,2.936,2.22,2026-08-01T01:51:24,9124b27,2.13.0+cu130,gonzalo
15,0.8,20,normal,fixed30,75,1e-07,4,cpu,torch,400,8,9.72002,0.103377,17.0432,0.0238363,5.65291,0.0580219,14.2117,0.0218891,30,2.607,2.22,2026-08-01T01:51:24,9124b27,2.13.0+cu130,gonzalo
16,0.2,inf,normal,fixed30,75,1e-07,4,cpu,torch,400,8,2.40497,0.0244946,3.66474,0.00796446,1.20987,0.0122043,2.81934,0.00685194,30,2.863,2.22,2026-08-01T01:51:24,9124b27,2.13.0+cu130,gonzalo
16,0.2,40,normal,fixed30,75,1e-07,4,cpu,torch,400,8,3.65557,0.0371123,3.66474,0.00796446,2.08416,0.0210506,2.81934,0.00685194,30,2.827,2.22,2026-08-01T01:51:24,9124b27,2.13.0+cu130,gonzalo
16,0.2,20,normal,fixed30,75,1e-07,4,cpu,torch,400,8,6.7122,0.0675052,3.66474,0.00796446,4.23624,0.0426342,2.81934,0.00685194,30,2.816,2.22,2026-08-01T01:51:24,9124b27,2.13.0+cu130,gonzalo
16,0.4,inf,normal,fixed30,75,1e-07,4,cpu,torch,400,8,5.60633,0.0571616,7.39708,0.0132142,2.93488,0.0297094,5.67719,0.00875658,30,2.385,2.22,2026-08-01T01:51:24,9124b27,2.13.0+cu130,gonzalo
16,0.4,40,normal,fixed30,75,1e-07,4,cpu,torch,400,8,7.10266,0.0721438,7.39708,0.0132142,3.98982,0.0403716,5.67719,0.00875658,30,2.375,2.22,2026-08-01T01:51:24,9124b27,2.13.0+cu130,gonzalo
16,0.4,20,normal,fixed30,75,1e-07,4,cpu,torch,400,8,8.99646,0.0907855,7.39708,0.0132142,5.43631,0.054751,5.67719,0.00875658,30,2.328,2.22,2026-08-01T01:51:24,9124b27,2.13.0+cu130,gonzalo
16,0.8,inf,normal,fixed30,75,1e-07,4,cpu,torch,400,8,10.8209,0.111584,15.0828,0.0675446,5.73859,0.058382,11.5137,0.0726314,30,2.425,2.22,2026-08-01T01:51:24,9124b27,2.13.0+cu130,gonzalo
16,0.8,40,normal,fixed30,75,1e-07,4,cpu,torch,400,8,11.3321,0.116701,15.0828,0.0675446,6.1611,0.0626585,11.5137,0.0726314,30,2.397,2.22,2026-08-01T01:51:24,9124b27,2.13.0+cu130,gonzalo
16,0.8,20,normal,fixed30,75,1e-07,4,cpu,torch,400,8,11.7641,0.120783,15.0828,0.0675446,6.7115,0.0680842,11.5137,0.0726314,30,2.376,2.22,2026-08-01T01:51:24,9124b27,2.13.0+cu130,gonzalo
17,0.2,inf,normal,fixed30,75,1e-07,4,cpu,torch,400,8,2.54339,0.0256572,4.52768,0.00280336,0.969999,0.00974379,3.90114,0.00269,30,2.39,2.22,2026-08-01T01:51:24,9124b27,2.13.0+cu130,gonzalo
17,0.2,40,normal,fixed30,75,1e-07,4,cpu,torch,400,8,2.99062,0.0304561,4.52768,0.00280336,1.32355,0.0133505,3.90114,0.00269,30,2.334,2.22,2026-08-01T01:51:24,9124b27,2.13.0+cu130,gonzalo
17,0.2,20,normal,fixed30,75,1e-07,4,cpu,torch,400,8,5.319,0.0538075,4.52768,0.00280336,3.22753,0.0324325,3.90114,0.00269,30,2.387,2.22,2026-08-01T01:51:24,9124b27,2.13.0+cu130,gonzalo
17,0.4,inf,normal,fixed30,75,1e-07,4,cpu,torch,400,8,5.6034,0.0577429,9.08495,0.00610093,2.37537,0.024178,7.84108,0.00587901,30,2.432,2.22,2026-08-01T01:51:24,9124b27,2.13.0+cu130,gonzalo
17,0.4,40,normal,fixed30,75,1e-07,4,cpu,torch,400,8,6.08838,0.0629022,9.08495,0.00610093,2.82683,0.0287573,7.84108,0.00587901,30,2.388,2.22,2026-08-01T01:51:24,9124b27,2.13.0+cu130,gonzalo
17,0.4,20,normal,fixed30,75,1e-07,4,cpu,torch,400,8,7.21522,0.0743245,9.08495,0.00610093,3.95975,0.040095,7.84108,0.00587901,30,2.333,2.22,2026-08-01T01:51:24,9124b27,2.13.0+cu130,gonzalo
17,0.8,inf,normal,fixed30,75,1e-07,4,cpu,torch,400,8,10.8319,0.113123,18.2849,0.0144151,5.81493,0.060371,15.8389,0.0138501,30,2.382,2.22,2026-08-01T01:51:24,9124b27,2.13.0+cu130,gonzalo
17,0.8,40,normal,fixed30,75,1e-07,4,cpu,torch,400,8,11.1553,0.116508,18.2849,0.0144151,6.14072,0.0637946,15.8389,0.0138501,30,2.353,2.22,2026-08-01T01:51:24,9124b27,2.13.0+cu130,gonzalo
17,0.8,20,normal,fixed30,75,1e-07,4,cpu,torch,400,8,11.2441,0.117315,18.2849,0.0144151,6.42437,0.0666887,15.8389,0.0138501,30,2.376,2.22,2026-08-01T01:51:24,9124b27,2.13.0+cu130,gonzalo
18,0.2,inf,normal,fixed30,75,1e-07,4,cpu,torch,400,8,2.65532,0.0269638,5.15763,0.00307719,1.37714,0.0139498,4.52636,0.00241444,30,2.411,2.22,2026-08-01T01:51:24,9124b27,2.13.0+cu130,gonzalo
18,0.2,40,normal,fixed30,75,1e-07,4,cpu,torch,400,8,3.45155,0.0353246,5.15763,0.00307719,2.04135,0.0207726,4.52636,0.00241444,30,2.412,2.22,2026-08-01T01:51:24,9124b27,2.13.0+cu130,gonzalo
18,0.2,20,normal,fixed30,75,1e-07,4,cpu,torch,400,8,5.49184,0.055814,5.15763,0.00307719,3.64947,0.0370537,4.52636,0.00241444,30,2.394,2.22,2026-08-01T01:51:24,9124b27,2.13.0+cu130,gonzalo
18,0.4,inf,normal,fixed30,75,1e-07,4,cpu,torch,400,8,5.56885,0.0574455,10.3687,0.00724825,3.22259,0.0331291,9.07604,0.00658691,30,2.385,2.22,2026-08-01T01:51:24,9124b27,2.13.0+cu130,gonzalo
18,0.4,40,normal,fixed30,75,1e-07,4,cpu,torch,400,8,5.9575,0.0616018,10.3687,0.00724825,3.58588,0.0368768,9.07604,0.00658691,30,2.262,2.22,2026-08-01T01:51:24,9124b27,2.13.0+cu130,gonzalo
18,0.4,20,normal,fixed30,75,1e-07,4,cpu,torch,400,8,6.93861,0.071489,10.3687,0.00724825,4.46343,0.0457324,9.07604,0.00658691,30,2.359,2.22,2026-08-01T01:51:24,9124b27,2.13.0+cu130,gonzalo
18,0.8,inf,normal,fixed30,75,1e-07,4,cpu,torch,400,8,10.1054,0.104102,20.9244,0.0206634,5.98654,0.0619253,18.2309,0.0207934,30,2.401,2.22,2026-08-01T01:51:24,9124b27,2.13.0+cu130,gonzalo
18,0.8,40,normal,fixed30,75,1e-07,4,cpu,torch,400,8,10.328,0.106668,20.9244,0.0206634,6.23436,0.0645383,18.2309,0.0207934,30,2.334,2.22,2026-08-01T01:51:24,9124b27,2.13.0+cu130,gonzalo
18,0.8,20,normal,fixed30,75,1e-07,4,cpu,torch,400,8,10.6427,0.110014,20.9244,0.0206634,6.74086,0.069727,18.2309,0.0207934,30,2.225,2.22,2026-08-01T01:51:24,9124b27,2.13.0+cu130,gonzalo
19,0.2,inf,normal,fixed30,75,1e-07,4,cpu,torch,400,8,2.08692,0.0209477,3.8229,0.0022607,0.891951,0.00895294,2.77565,0.00157815,30,2.541,2.22,2026-08-01T01:51:24,9124b27,2.13.0+cu130,gonzalo
19,0.2,40,normal,fixed30,75,1e-07,4,cpu,torch,400,8,2.9856,0.0302107,3.8229,0.0022607,1.56537,0.0157681,2.77565,0.00157815,30,2.382,2.22,2026-08-01T01:51:24,9124b27,2.13.0+cu130,gonzalo
19,0.2,20,normal,fixed30,75,1e-07,4,cpu,torch,400,8,5.8567,0.0588272,3.8229,0.0022607,3.72538,0.0374687,2.77565,0.00157815,30,2.394,2.22,2026-08-01T01:51:24,9124b27,2.13.0+cu130,gonzalo
19,0.4,inf,normal,fixed30,75,1e-07,4,cpu,torch,400,8,4.96337,0.0504655,7.67324,0.00451552,2.24782,0.0227438,5.55738,0.00264871,30,2.367,2.22,2026-08-01T01:51:24,9124b27,2.13.0+cu130,gonzalo
19,0.4,40,normal,fixed30,75,1e-07,4,cpu,torch,400,8,5.88676,0.0600627,7.67324,0.00451552,3.01843,0.0305732,5.55738,0.00264871,30,2.549,2.22,2026-08-01T01:51:24,9124b27,2.13.0+cu130,gonzalo
19,0.4,20,normal,fixed30,75,1e-07,4,cpu,torch,400,8,7.82366,0.0793672,7.67324,0.00451552,4.71679,0.0475962,5.55738,0.00264871,30,2.413,2.22,2026-08-01T01:51:24,9124b27,2.13.0+cu130,gonzalo
19,0.8,inf,normal,fixed30,75,1e-07,4,cpu,torch,400,8,10.1268,0.104671,15.4667,0.011094,5.0991,0.0521448,11.1436,0.00715677,30,2.475,2.22,2026-08-01T01:51:24,9124b27,2.13.0+cu130,gonzalo
19,0.8,40,normal,fixed30,75,1e-07,4,cpu,torch,400,8,10.5393,0.108961,15.4667,0.011094,5.47217,0.0559535,11.1436,0.00715677,30,2.327,2.22,2026-08-01T01:51:24,9124b27,2.13.0+cu130,gonzalo
19,0.8,20,normal,fixed30,75,1e-07,4,cpu,torch,400,8,10.8309,0.111897,15.4667,0.011094,5.94634,0.0606854,11.1436,0.00715677,30,2.432,2.22,2026-08-01T01:51:24,9124b27,2.13.0+cu130,gonzalo
20,0.2,inf,normal,fixed30,75,1e-07,4,cpu,torch,400,8,1.71717,0.0172531,4.05967,0.00161096,0.792845,0.00790847,3.20244,0.00122338,30,2.447,2.22,2026-08-01T01:51:24,9124b27,2.13.0+cu130,gonzalo
20,0.2,40,normal,fixed30,75,1e-07,4,cpu,torch,400,8,2.1788,0.0221786,4.05967,0.00161096,1.04657,0.0105413,3.20244,0.00122338,30,2.398,2.22,2026-08-01T01:51:24,9124b27,2.13.0+cu130,gonzalo
20,0.2,20,normal,fixed30,75,1e-07,4,cpu,torch,400,8,4.33803,0.0440216,4.05967,0.00161096,2.78736,0.0280173,3.20244,0.00122338,30,2.378,2.22,2026-08-01T01:51:24,9124b27,2.13.0+cu130,gonzalo
20,0.4,inf,normal,fixed30,75,1e-07,4,cpu,torch,400,8,3.59952,0.036364,8.08774,0.00323588,1.6094,0.0160522,6.39393,0.00239086,30,2.43,2.22,2026-08-01T01:51:24,9124b27,2.13.0+cu130,gonzalo
20,0.4,40,normal,fixed30,75,1e-07,4,cpu,torch,400,8,3.86869,0.0395722,8.08774,0.00323588,1.75114,0.0176521,6.39393,0.00239086,30,2.5,2.22,2026-08-01T01:51:24,9124b27,2.13.0+cu130,gonzalo
20,0.4,20,normal,fixed30,75,1e-07,4,cpu,torch,400,8,5.13742,0.0529811,8.08774,0.00323588,2.90106,0.0293355,6.39393,0.00239086,30,2.458,2.22,2026-08-01T01:51:24,9124b27,2.13.0+cu130,gonzalo
20,0.8,inf,normal,fixed30,75,1e-07,4,cpu,torch,400,8,8.09925,0.0819608,16.0583,0.00740932,3.82739,0.0381268,12.7456,0.00577228,30,2.488,2.22,2026-08-01T01:51:24,9124b27,2.13.0+cu130,gonzalo
20,0.8,40,normal,fixed30,75,1e-07,4,cpu,torch,400,8,8.35023,0.0851212,16.0583,0.00740932,4.00884,0.0402124,12.7456,0.00577228,30,2.545,2.22,2026-08-01T01:51:24,9124b27,2.13.0+cu130,gonzalo
20,0.8,20,normal,fixed30,75,1e-07,4,cpu,torch,400,8,8.95568,0.0924619,16.0583,0.00740932,4.53993,0.0460216,12.7456,0.00577228,30,2.398,2.22,2026-08-01T01:51:24,9124b27,2.13.0+cu130,gonzalo
21,0.2,inf,normal,fixed30,75,1e-07,4,cpu,torch,400,8,1.47627,0.0148676,2.99698,0.00354402,0.796719,0.00801865,2.17704,0.00279842,30,2.427,2.22,2026-08-01T01:51:24,9124b27,2.13.0+cu130,gonzalo
21,0.2,40,normal,fixed30,75,1e-07,4,cpu,torch,400,8,2.32597,0.0234973,2.99698,0.00354402,1.54951,0.015654,2.17704,0.00279842,30,2.467,2.22,2026-08-01T01:51:24,9124b27,2.13.0+cu130,gonzalo
21,0.2,20,normal,fixed30,75,1e-07,4,cpu,torch,400,8,5.90557,0.0591235,2.99698,0.00354402,4.02233,0.0405359,2.17704,0.00279842,30,2.38,2.22,2026-08-01T01:51:24,9124b27,2.13.0+cu130,gonzalo
21,0.4,inf,normal,fixed30,75,1e-07,4,cpu,torch,400,8,3.14398,0.0318392,6.09176,0.00632177,1.78153,0.0180611,4.3992,0.00399114,30,2.359,2.22,2026-08-01T01:51:24,9124b27,2.13.0+cu130,gonzalo
21,0.4,40,normal,fixed30,75,1e-07,4,cpu,torch,400,8,4.4068,0.0446959,6.09176,0.00632177,2.76899,0.0281609,4.3992,0.00399114,30,2.431,2.22,2026-08-01T01:51:24,9124b27,2.13.0+cu130,gonzalo
21,0.4,20,normal,fixed30,75,1e-07,4,cpu,torch,400,8,7.15539,0.0720099,6.09176,0.00632177,4.65734,0.0471213,4.3992,0.00399114,30,2.395,2.22,2026-08-01T01:51:24,9124b27,2.13.0+cu130,gonzalo
21,0.8,inf,normal,fixed30,75,1e-07,4,cpu,torch,400,8,7.55136,0.0776138,12.6107,0.0246048,4.16909,0.0427729,8.99035,0.0232216,30,2.342,2.22,2026-08-01T01:51:24,9124b27,2.13.0+cu130,gonzalo
21,0.8,40,normal,fixed30,75,1e-07,4,cpu,torch,400,8,8.23983,0.0846969,12.6107,0.0246048,4.70269,0.0481908,8.99035,0.0232216,30,2.341,2.22,2026-08-01T01:51:24,9124b27,2.13.0+cu130,gonzalo
21,0.8,20,normal,fixed30,75,1e-07,4,cpu,torch,400,8,9.17663,0.0939602,12.6107,0.0246048,5.58843,0.0569836,8.99035,0.0232216,30,2.39,2.22,2026-08-01T01:51:24,9124b27,2.13.0+cu130,gonzalo
22,0.2,inf,normal,fixed30,75,1e-07,4,cpu,torch,400,8,1.72407,0.0173698,3.23231,0.0019604,0.852402,0.00860528,2.40248,0.00166794,30,2.558,2.22,2026-08-01T01:51:24,9124b27,2.13.0+cu130,gonzalo
22,0.2,40,normal,fixed30,75,1e-07,4,cpu,torch,400,8,2.37598,0.024193,3.23231,0.0019604,1.44499,0.0146595,2.40248,0.00166794,30,2.573,2.22,2026-08-01T01:51:24,9124b27,2.13.0+cu130,gonzalo
22,0.2,20,normal,fixed30,75,1e-07,4,cpu,torch,400,8,7.8592,0.0739952,3.23231,0.0019604,4.5573,0.0451811,2.40248,0.00166794,30,2.587,2.22,2026-08-01T01:51:24,9124b27,2.13.0+cu130,gonzalo
22,0.4,inf,normal,fixed30,75,1e-07,4,cpu,torch,400,8,3.6827,0.037789,6.56999,0.00387989,1.90803,0.0195312,4.853,0.00319601,30,2.63,2.22,2026-08-01T01:51:24,9124b27,2.13.0+cu130,gonzalo
22,0.4,40,normal,fixed30,75,1e-07,4,cpu,torch,400,8,4.20085,0.043285,6.56999,0.00387989,2.44699,0.0250798,4.853,0.00319601,30,2.637,2.22,2026-08-01T01:51:24,9124b27,2.13.0+cu130,gonzalo
22,0.4,20,normal,fixed30,75,1e-07,4,cpu,torch,400,8,6.06427,0.0616968,6.56999,0.00387989,3.97186,0.0404031,4.853,0.00319601,30,2.838,2.22,2026-08-01T01:51:24,9124b27,2.13.0+cu130,gonzalo
22,0.8,inf,normal,fixed30,75,1e-07,4,cpu,torch,400,8,6.59375,0.0678723,13.5922,0.00800466,3.45718,0.035641,9.90884,0.00624201,30,2.618,2.22,2026-08-01T01:51:24,9124b27,2.13.0+cu130,gonzalo
22,0.8,40,normal,fixed30,75,1e-07,4,cpu,torch,400,8,7.03085,0.0727593,13.5922,0.00800466,3.90905,0.0403498,9.90884,0.00624201,30,2.889,2.22,2026-08-01T01:51:24,9124b27,2.13.0+cu130,gonzalo
22,0.8,20,normal,fixed30,75,1e-07,4,cpu,torch,400,8,7.95919,0.0825257,13.5922,0.00800466,4.81748,0.0495845,9.90884,0.00624201,30,2.679,2.22,2026-08-01T01:51:24,9124b27,2.13.0+cu130,gonzalo
23,0.2,inf,normal,fixed30,75,1e-07,4,cpu,torch,400,8,2.47908,0.0248652,4.45267,0.00142494,1.01961,0.0102333,3.63387,0.000984382,30,2.859,2.22,2026-08-01T01:51:24,9124b27,2.13.0+cu130,gonzalo
23,0.2,40,normal,fixed30,75,1e-07,4,cpu,torch,400,8,3.25498,0.0330151,4.45267,0.00142494,1.65959,0.01674,3.63387,0.000984382,30,2.75,2.22,2026-08-01T01:51:24,9124b27,2.13.0+cu130,gonzalo
23,0.2,20,normal,fixed30,75,1e-07,4,cpu,torch,400,8,5.69586,0.0573755,4.45267,0.00142494,3.57359,0.0359548,3.63387,0.000984382,30,2.683,2.22,2026-08-01T01:51:24,9124b27,2.13.0+cu130,gonzalo
23,0.4,inf,normal,fixed30,75,1e-07,4,cpu,torch,400,8,5.94432,0.0607369,8.909,0.00317018,2.72941,0.0276999,7.26901,0.00242193,30,2.609,2.22,2026-08-01T01:51:24,9124b27,2.13.0+cu130,gonzalo
23,0.4,40,normal,fixed30,75,1e-07,4,cpu,torch,400,8,6.44496,0.0660412,8.909,0.00317018,3.24601,0.0329593,7.26901,0.00242193,30,2.773,2.22,2026-08-01T01:51:24,9124b27,2.13.0+cu130,gonzalo
23,0.4,20,normal,fixed30,75,1e-07,4,cpu,torch,400,8,7.38495,0.0755287,8.909,0.00317018,4.28643,0.0433958,7.26901,0.00242193,30,2.972,2.22,2026-08-01T01:51:24,9124b27,2.13.0+cu130,gonzalo
23,0.8,inf,normal,fixed30,75,1e-07,4,cpu,torch,400,8,10.4824,0.107662,17.8293,0.00865756,5.16737,0.0528831,14.5424,0.00789459,30,3.1,2.22,2026-08-01T01:51:24,9124b27,2.13.0+cu130,gonzalo
23,0.8,40,normal,fixed30,75,1e-07,4,cpu,torch,400,8,10.7745,0.110888,17.8293,0.00865756,5.44776,0.0557653,14.5424,0.00789459,30,2.961,2.22,2026-08-01T01:51:24,9124b27,2.13.0+cu130,gonzalo
23,0.8,20,normal,fixed30,75,1e-07,4,cpu,torch,400,8,11.0583,0.113866,17.8293,0.00865756,5.98276,0.0611966,14.5424,0.00789459,30,2.889,2.22,2026-08-01T01:51:24,9124b27,2.13.0+cu130,gonzalo
24,0.2,inf,normal,fixed30,75,1e-07,4,cpu,torch,400,8,2.21327,0.0223001,4.09319,0.0015522,1.08514,0.010825,3.49858,0.00108856,30,3.073,2.22,2026-08-01T01:51:24,9124b27,2.13.0+cu130,gonzalo
24,0.2,40,normal,fixed30,75,1e-07,4,cpu,torch,400,8,2.45297,0.0250118,4.09319,0.0015522,1.13455,0.0114319,3.49858,0.00108856,30,3.106,2.22,2026-08-01T01:51:24,9124b27,2.13.0+cu130,gonzalo
24,0.2,20,normal,fixed30,75,1e-07,4,cpu,torch,400,8,4.74203,0.0481069,4.09319,0.0015522,2.92111,0.0293389,3.49858,0.00108856,30,2.932,2.22,2026-08-01T01:51:24,9124b27,2.13.0+cu130,gonzalo
24,0.4,inf,normal,fixed30,75,1e-07,4,cpu,torch,400,8,4.40097,0.0444827,8.21065,0.00315183,2.30186,0.0229124,6.99524,0.0022412,30,3.064,2.22,2026-08-01T01:51:24,9124b27,2.13.0+cu130,gonzalo
24,0.4,40,normal,fixed30,75,1e-07,4,cpu,torch,400,8,4.49206,0.0459366,8.21065,0.00315183,2.18926,0.0220578,6.99524,0.0022412,30,3.05,2.22,2026-08-01T01:51:24,9124b27,2.13.0+cu130,gonzalo
24,0.4,20,normal,fixed30,75,1e-07,4,cpu,torch,400,8,5.97886,0.0618422,8.21065,0.00315183,3.2933,0.0333926,6.99524,0.0022412,30,2.767,2.22,2026-08-01T01:51:24,9124b27,2.13.0+cu130,gonzalo
24,0.8,inf,normal,fixed30,75,1e-07,4,cpu,torch,400,8,8.912,0.0924535,16.5234,0.00707051,5.07922,0.0509987,13.9835,0.00517041,30,2.808,2.22,2026-08-01T01:51:24,9124b27,2.13.0+cu130,gonzalo
24,0.8,40,normal,fixed30,75,1e-07,4,cpu,torch,400,8,9.00329,0.0941659,16.5234,0.00707051,4.95547,0.0502119,13.9835,0.00517041,30,3.085,2.22,2026-08-01T01:51:24,9124b27,2.13.0+cu130,gonzalo
24,0.8,20,normal,fixed30,75,1e-07,4,cpu,torch,400,8,9.31305,0.0983541,16.5234,0.00707051,5.10874,0.0524195,13.9835,0.00517041,30,2.97,2.22,2026-08-01T01:51:24,9124b27,2.13.0+cu130,gonzalo
25,0.2,inf,normal,fixed30,75,1e-07,4,cpu,torch,400,8,2.45328,0.0251989,4.60232,0.005527,1.05413,0.0106501,3.76495,0.00482561,30,2.782,2.22,2026-08-01T01:51:24,9124b27,2.13.0+cu130,gonzalo
25,0.2,40,normal,fixed30,75,1e-07,4,cpu,torch,400,8,3.2039,0.0328695,4.60232,0.005527,1.64324,0.016614,3.76495,0.00482561,30,2.978,2.22,2026-08-01T01:51:24,9124b27,2.13.0+cu130,gonzalo
25,0.2,20,normal,fixed30,75,1e-07,4,cpu,torch,400,8,5.84726,0.0592623,4.60232,0.005527,3.66734,0.0369209,3.76495,0.00482561,30,3.11,2.22,2026-08-01T01:51:24,9124b27,2.13.0+cu130,gonzalo
25,0.4,inf,normal,fixed30,75,1e-07,4,cpu,torch,400,8,4.9381,0.0511794,9.22679,0.0116042,2.28992,0.0232808,7.54506,0.00962142,30,2.87,2.22,2026-08-01T01:51:24,9124b27,2.13.0+cu130,gonzalo
25,0.4,40,normal,fixed30,75,1e-07,4,cpu,torch,400,8,5.98381,0.061906,9.22679,0.0116042,3.13961,0.0319005,7.54506,0.00962142,30,2.92,2.22,2026-08-01T01:51:24,9124b27,2.13.0+cu130,gonzalo
25,0.4,20,normal,fixed30,75,1e-07,4,cpu,torch,400,8,7.88286,0.0809653,9.22679,0.0116042,4.70455,0.0475329,7.54506,0.00962142,30,2.825,2.22,2026-08-01T01:51:24,9124b27,2.13.0+cu130,gonzalo
25,0.8,inf,normal,fixed30,75,1e-07,4,cpu,torch,400,8,11.0614,0.117115,18.5363,0.0314152,5.70051,0.0585548,15.1497,0.0286051,30,2.793,2.22,2026-08-01T01:51:24,9124b27,2.13.0+cu130,gonzalo
25,0.8,40,normal,fixed30,75,1e-07,4,cpu,torch,400,8,11.3259,0.119769,18.5363,0.0314152,6.00068,0.0616094,15.1497,0.0286051,30,3.031,2.22,2026-08-01T01:51:24,9124b27,2.13.0+cu130,gonzalo
25,0.8,20,normal,fixed30,75,1e-07,4,cpu,torch,400,8,11.6045,0.122327,18.5363,0.0314152,6.5263,0.0669033,15.1497,0.0286051,30,3.064,2.22,2026-08-01T01:51:24,9124b27,2.13.0+cu130,gonzalo
26,0.2,inf,normal,fixed30,75,1e-07,4,cpu,torch,400,8,2.73066,0.0276861,4.8888,0.00266175,1.03924,0.0104618,3.92603,0.00246923,30,2.878,2.22,2026-08-01T01:51:24,9124b27,2.13.0+cu130,gonzalo
26,0.2,40,normal,fixed30,75,1e-07,4,cpu,torch,400,8,3.36941,0.0343389,4.8888,0.00266175,1.52622,0.0153736,3.92603,0.00246923,30,3.04,2.22,2026-08-01T01:51:24,9124b27,2.13.0+cu130,gonzalo
26,0.2,20,normal,fixed30,75,1e-07,4,cpu,torch,400,8,5.74313,0.0580303,4.8888,0.00266175,3.47228,0.034888,3.92603,0.00246923,30,2.833,2.22,2026-08-01T01:51:24,9124b27,2.13.0+cu130,gonzalo
26,0.4,inf,normal,fixed30,75,1e-07,4,cpu,torch,400,8,6.56023,0.0681234,9.8941,0.00627185,3.01904,0.0307729,7.942,0.00602147,30,3.122,2.22,2026-08-01T01:51:24,9124b27,2.13.0+cu130,gonzalo
26,0.4,40,normal,fixed30,75,1e-07,4,cpu,torch,400,8,7.14516,0.0741754,9.8941,0.00627185,3.56263,0.036202,7.942,0.00602147,30,3.089,2.22,2026-08-01T01:51:24,9124b27,2.13.0+cu130,gonzalo
26,0.4,20,normal,fixed30,75,1e-07,4,cpu,torch,400,8,7.99118,0.0824693,9.8941,0.00627185,4.53952,0.0459323,7.942,0.00602147,30,2.977,2.22,2026-08-01T01:51:24,9124b27,2.13.0+cu130,gonzalo
26,0.8,inf,normal,fixed30,75,1e-07,4,cpu,torch,400,8,11.3058,0.119989,20.2417,0.015415,5.97456,0.0623994,16.2476,0.014669,30,2.851,2.22,2026-08-01T01:51:24,9124b27,2.13.0+cu130,gonzalo
26,0.8,40,normal,fixed30,75,1e-07,4,cpu,torch,400,8,11.5362,0.122537,20.2417,0.015415,6.28927,0.065657,16.2476,0.014669,30,3.158,2.22,2026-08-01T01:51:24,9124b27,2.13.0+cu130,gonzalo
26,0.8,20,normal,fixed30,75,1e-07,4,cpu,torch,400,8,11.7239,0.124482,20.2417,0.015415,6.65475,0.0693759,16.2476,0.014669,30,2.849,2.22,2026-08-01T01:51:24,9124b27,2.13.0+cu130,gonzalo
27,0.2,inf,normal,fixed30,75,1e-07,4,cpu,torch,400,8,2.16223,0.021934,4.2001,0.00139402,0.927968,0.00933868,3.44453,0.0012916,30,2.964,2.22,2026-08-01T01:51:24,9124b27,2.13.0+cu130,gonzalo
27,0.2,40,normal,fixed30,75,1e-07,4,cpu,torch,400,8,3.10855,0.0317139,4.2001,0.00139402,1.52438,0.0154004,3.44453,0.0012916,30,3.115,2.22,2026-08-01T01:51:24,9124b27,2.13.0+cu130,gonzalo
27,0.2,20,normal,fixed30,75,1e-07,4,cpu,torch,400,8,5.85276,0.0592074,4.2001,0.00139402,3.5238,0.0354228,3.44453,0.0012916,30,3.095,2.22,2026-08-01T01:51:24,9124b27,2.13.0+cu130,gonzalo
27,0.4,inf,normal,fixed30,75,1e-07,4,cpu,torch,400,8,4.79181,0.0493899,8.42177,0.00280927,2.05811,0.0208978,6.90956,0.00246695,30,3.038,2.22,2026-08-01T01:51:24,9124b27,2.13.0+cu130,gonzalo
27,0.4,40,normal,fixed30,75,1e-07,4,cpu,torch,400,8,5.43918,0.0561928,8.42177,0.00280927,2.52672,0.0256854,6.90956,0.00246695,30,3.089,2.22,2026-08-01T01:51:24,9124b27,2.13.0+cu130,gonzalo
27,0.4,20,normal,fixed30,75,1e-07,4,cpu,torch,400,8,6.8655,0.0705909,8.42177,0.00280927,3.75935,0.0380363,6.90956,0.00246695,30,3.011,2.22,2026-08-01T01:51:24,9124b27,2.13.0+cu130,gonzalo
27,0.8,inf,normal,fixed30,75,1e-07,4,cpu,torch,400,8,9.54434,0.100582,16.9327,0.00654447,4.4985,0.0462668,13.903,0.00523319,30,2.733,2.22,2026-08-01T01:51:24,9124b27,2.13.0+cu130,gonzalo
27,0.8,40,normal,fixed30,75,1e-07,4,cpu,torch,400,8,9.80374,0.103339,16.9327,0.00654447,4.81231,0.049476,13.903,0.00523319,30,2.803,2.22,2026-08-01T01:51:24,9124b27,2.13.0+cu130,gonzalo
27,0.8,20,normal,fixed30,75,1e-07,4,cpu,torch,400,8,10.1789,0.107147,16.9327,0.00654447,5.43018,0.0558211,13.903,0.00523319,30,2.751,2.22,2026-08-01T01:51:24,9124b27,2.13.0+cu130,gonzalo
28,0.2,inf,normal,fixed30,75,1e-07,4,cpu,torch,400,8,2.29606,0.0232231,4.45045,0.0025675,0.945342,0.00951906,3.46673,0.0019458,30,2.812,2.22,2026-08-01T01:51:24,9124b27,2.13.0+cu130,gonzalo
28,0.2,40,normal,fixed30,75,1e-07,4,cpu,torch,400,8,3.19313,0.0324518,4.45045,0.0025675,1.58422,0.0159675,3.46673,0.0019458,30,2.844,2.22,2026-08-01T01:51:24,9124b27,2.13.0+cu130,gonzalo
28,0.2,20,normal,fixed30,75,1e-07,4,cpu,torch,400,8,6.51536,0.0654508,4.45045,0.0025675,3.96291,0.0398677,3.46673,0.0019458,30,2.769,2.22,2026-08-01T01:51:24,9124b27,2.13.0+cu130,gonzalo
28,0.4,inf,normal,fixed30,75,1e-07,4,cpu,torch,400,8,5.05934,0.0519669,8.96917,0.00585954,2.3195,0.0235806,6.96572,0.00501558,30,2.917,2.22,2026-08-01T01:51:24,9124b27,2.13.0+cu130,gonzalo
28,0.4,40,normal,fixed30,75,1e-07,4,cpu,torch,400,8,5.89546,0.0605482,8.96917,0.00585954,2.99119,0.0303611,6.96572,0.00501558,30,2.871,2.22,2026-08-01T01:51:24,9124b27,2.13.0+cu130,gonzalo
28,0.4,20,normal,fixed30,75,1e-07,4,cpu,torch,400,8,7.59832,0.0773999,8.96917,0.00585954,4.57044,0.0461066,6.96572,0.00501558,30,2.903,2.22,2026-08-01T01:51:24,9124b27,2.13.0+cu130,gonzalo
28,0.8,inf,normal,fixed30,75,1e-07,4,cpu,torch,400,8,10.1824,0.107459,18.2099,0.0156079,5.28744,0.0545189,14.0586,0.0150193,30,2.895,2.22,2026-08-01T01:51:24,9124b27,2.13.0+cu130,gonzalo
28,0.8,40,normal,fixed30,75,1e-07,4,cpu,torch,400,8,10.5406,0.111202,18.2099,0.0156079,5.61293,0.0578622,14.0586,0.0150193,30,3.068,2.22,2026-08-01T01:51:24,9124b27,2.13.0+cu130,gonzalo
28,0.8,20,normal,fixed30,75,1e-07,4,cpu,torch,400,8,10.8495,0.114079,18.2099,0.0156079,6.10586,0.0628268,14.0586,0.0150193,30,2.763,2.22,2026-08-01T01:51:24,9124b27,2.13.0+cu130,gonzalo
29,0.2,inf,normal,fixed30,75,1e-07,4,cpu,torch,400,8,2.53564,0.0256985,5.02272,0.00213037,1.10641,0.0111423,4.23346,0.00181367,30,2.961,2.22,2026-08-01T01:51:24,9124b27,2.13.0+cu130,gonzalo
29,0.2,40,normal,fixed30,75,1e-07,4,cpu,torch,400,8,3.26778,0.033496,5.02272,0.00213037,1.7101,0.0173365,4.23346,0.00181367,30,2.861,2.22,2026-08-01T01:51:24,9124b27,2.13.0+cu130,gonzalo
29,0.2,20,normal,fixed30,75,1e-07,4,cpu,torch,400,8,5.27784,0.0539168,5.02272,0.00213037,3.31752,0.0336091,4.23346,0.00181367,30,2.756,2.22,2026-08-01T01:51:24,9124b27,2.13.0+cu130,gonzalo
29,0.4,inf,normal,fixed30,75,1e-07,4,cpu,torch,400,8,5.22503,0.0538979,10.0979,0.0055558,2.6276,0.0268125,8.48476,0.00526672,30,2.916,2.22,2026-08-01T01:51:24,9124b27,2.13.0+cu130,gonzalo
29,0.4,40,normal,fixed30,75,1e-07,4,cpu,torch,400,8,5.72369,0.0592785,10.0979,0.0055558,3.09233,0.03162,8.48476,0.00526672,30,3.087,2.22,2026-08-01T01:51:24,9124b27,2.13.0+cu130,gonzalo
29,0.4,20,normal,fixed30,75,1e-07,4,cpu,torch,400,8,6.73629,0.0697447,10.0979,0.0055558,4.03252,0.0411677,8.48476,0.00526672,30,3.159,2.22,2026-08-01T01:51:24,9124b27,2.13.0+cu130,gonzalo
29,0.8,inf,normal,fixed30,75,1e-07,4,cpu,torch,400,8,9.85821,0.102419,20.387,0.0163171,5.56456,0.057402,17.0358,0.0161435,30,3.023,2.22,2026-08-01T01:51:24,9124b27,2.13.0+cu130,gonzalo
29,0.8,40,normal,fixed30,75,1e-07,4,cpu,torch,400,8,10.1836,0.10573,20.387,0.0163171,5.85612,0.0603886,17.0358,0.0161435,30,2.998,2.22,2026-08-01T01:51:24,9124b27,2.13.0+cu130,gonzalo
29,0.8,20,normal,fixed30,75,1e-07,4,cpu,torch,400,8,10.5575,0.109372,20.387,0.0163171,6.38728,0.0657963,17.0358,0.0161435,30,2.923,2.22,2026-08-01T01:51:24,9124b27,2.13.0+cu130,gonzalo
30,0.2,inf,normal,fixed30,75,1e-07,4,cpu,torch,400,8,2.66916,0.0268548,4.59402,0.00238317,1.1558,0.0116185,3.53346,0.00159495,30,2.774,2.22,2026-08-01T01:51:24,9124b27,2.13.0+cu130,gonzalo
30,0.2,40,normal,fixed30,75,1e-07,4,cpu,torch,400,8,3.55812,0.0361063,4.59402,0.00238317,1.83299,0.0184942,3.53346,0.00159495,30,2.896,2.22,2026-08-01T01:51:24,9124b27,2.13.0+cu130,gonzalo
30,0.2,20,normal,fixed30,75,1e-07,4,cpu,torch,400,8,6.66849,0.0667777,4.59402,0.00238317,4.38982,0.0441406,3.53346,0.00159495,30,2.852,2.22,2026-08-01T01:51:24,9124b27,2.13.0+cu130,gonzalo
30,0.4,inf,normal,fixed30,75,1e-07,4,cpu,torch,400,8,6.05351,0.0618642,9.22654,0.00499569,2.94419,0.0298733,7.08863,0.00351989,30,3.063,2.22,2026-08-01T01:51:24,9124b27,2.13.0+cu130,gonzalo
30,0.4,40,normal,fixed30,75,1e-07,4,cpu,torch,400,8,6.86274,0.0702299,9.22654,0.00499569,3.65478,0.0370632,7.08863,0.00351989,30,2.797,2.22,2026-08-01T01:51:24,9124b27,2.13.0+cu130,gonzalo
30,0.4,20,normal,fixed30,75,1e-07,4,cpu,torch,400,8,8.09195,0.0823993,9.22654,0.00499569,4.86288,0.0491155,7.08863,0.00351989,30,2.818,2.22,2026-08-01T01:51:24,9124b27,2.13.0+cu130,gonzalo
30,0.8,inf,normal,fixed30,75,1e-07,4,cpu,torch,400,8,11.1202,0.115698,18.5984,0.0117064,5.94112,0.0610913,14.2638,0.00901962,30,3.22,2.22,2026-08-01T01:51:24,9124b27,2.13.0+cu130,gonzalo
30,0.8,40,normal,fixed30,75,1e-07,4,cpu,torch,400,8,11.3427,0.117963,18.5984,0.0117064,6.17257,0.0634147,14.2638,0.00901962,30,3.173,2.22,2026-08-01T01:51:24,9124b27,2.13.0+cu130,gonzalo
30,0.8,20,normal,fixed30,75,1e-07,4,cpu,torch,400,8,11.5028,0.11945,18.5984,0.0117064,6.55185,0.0671151,14.2638,0.00901962,30,2.849,2.22,2026-08-01T01:51:24,9124b27,2.13.0+cu130,gonzalo
31,0.2,inf,normal,fixed30,75,1e-07,4,cpu,torch,400,8,2.2158,0.0220617,4.31386,0.00215592,1.05267,0.0105628,3.77272,0.00204547,30,3.213,2.22,2026-08-01T01:51:24,9124b27,2.13.0+cu130,gonzalo
31,0.2,40,normal,fixed30,75,1e-07,4,cpu,torch,400,8,2.8464,0.0289459,4.31386,0.00215592,1.78702,0.0181251,3.77272,0.00204547,30,3.01,2.22,2026-08-01T01:51:24,9124b27,2.13.0+cu130,gonzalo
31,0.2,20,normal,fixed30,75,1e-07,4,cpu,torch,400,8,5.38405,0.0542222,4.31386,0.00215592,3.77295,0.0382177,3.77272,0.00204547,30,2.852,2.22,2026-08-01T01:51:24,9124b27,2.13.0+cu130,gonzalo
31,0.4,inf,normal,fixed30,75,1e-07,4,cpu,torch,400,8,4.69309,0.0472808,8.62918,0.00434515,2.60979,0.0266075,7.54182,0.00409376,30,2.471,2.22,2026-08-01T01:51:24,9124b27,2.13.0+cu130,gonzalo
31,0.4,40,normal,fixed30,75,1e-07,4,cpu,torch,400,8,5.21986,0.0532644,8.62918,0.00434515,3.28455,0.033732,7.54182,0.00409376,30,2.52,2.22,2026-08-01T01:51:24,9124b27,2.13.0+cu130,gonzalo
31,0.4,20,normal,fixed30,75,1e-07,4,cpu,torch,400,8,6.50999,0.0661885,8.62918,0.00434515,4.43256,0.0453032,7.54182,0.00409376,30,2.84,2.22,2026-08-01T01:51:24,9124b27,2.13.0+cu130,gonzalo
31,0.8,inf,normal,fixed30,75,1e-07,4,cpu,torch,400,8,9.32361,0.0938515,17.266,0.00897464,5.11388,0.052688,15.0664,0.00821814,30,2.679,2.22,2026-08-01T01:51:24,9124b27,2.13.0+cu130,gonzalo
31,0.8,40,normal,fixed30,75,1e-07,4,cpu,torch,400,8,9.61664,0.0973179,17.266,0.00897464,5.4034,0.0557946,15.0664,0.00821814,30,2.7,2.22,2026-08-01T01:51:24,9124b27,2.13.0+cu130,gonzalo
31,0.8,20,normal,fixed30,75,1e-07,4,cpu,torch,400,8,9.95335,0.101266,17.266,0.00897464,5.96339,0.0615109,15.0664,0.00821814,30,2.7,2.22,2026-08-01T01:51:24,9124b27,2.13.0+cu130,gonzalo
32,0.2,inf,normal,fixed30,75,1e-07,4,cpu,torch,400,8,2.01433,0.0198526,3.85757,0.00769746,1.16874,0.011534,2.91914,0.00804553,30,2.368,2.22,2026-08-01T01:51:24,9124b27,2.13.0+cu130,gonzalo
32,0.2,40,normal,fixed30,75,1e-07,4,cpu,torch,400,8,1.82843,0.0182539,3.85757,0.00769746,0.906145,0.00903077,2.91914,0.00804553,30,2.562,2.22,2026-08-01T01:51:24,9124b27,2.13.0+cu130,gonzalo
32,0.2,20,normal,fixed30,75,1e-07,4,cpu,torch,400,8,3.51991,0.0356207,3.85757,0.00769746,2.10166,0.0210876,2.91914,0.00804553,30,2.669,2.22,2026-08-01T01:51:24,9124b27,2.13.0+cu130,gonzalo
32,0.4,inf,normal,fixed30,75,1e-07,4,cpu,torch,400,8,4.09417,0.0399372,7.63011,0.0182317,2.72239,0.0265015,5.78325,0.0194967,30,2.671,2.22,2026-08-01T01:51:24,9124b27,2.13.0+cu130,gonzalo
32,0.4,40,normal,fixed30,75,1e-07,4,cpu,torch,400,8,3.81199,0.0374363,7.63011,0.0182317,2.22909,0.0218615,5.78325,0.0194967,30,2.789,2.22,2026-08-01T01:51:24,9124b27,2.13.0+cu130,gonzalo
32,0.4,20,normal,fixed30,75,1e-07,4,cpu,torch,400,8,4.18477,0.0423654,7.63011,0.0182317,2.1337,0.0214884,5.78325,0.0194967,30,2.862,2.22,2026-08-01T01:51:24,9124b27,2.13.0+cu130,gonzalo
32,0.8,inf,normal,fixed30,75,1e-07,4,cpu,torch,400,8,9.68402,0.0915424,14.9354,0.0484334,7.38029,0.0693229,11.3544,0.0525508,30,2.582,2.22,2026-08-01T01:51:24,9124b27,2.13.0+cu130,gonzalo
32,0.8,40,normal,fixed30,75,1e-07,4,cpu,torch,400,8,9.26852,0.0876375,14.9354,0.0484334,6.64807,0.0627314,11.3544,0.0525508,30,2.469,2.22,2026-08-01T01:51:24,9124b27,2.13.0+cu130,gonzalo
32,0.8,20,normal,fixed30,75,1e-07,4,cpu,torch,400,8,8.48091,0.0813784,14.9354,0.0484334,4.94178,0.0475778,11.3544,0.0525508,30,2.535,2.22,2026-08-01T01:51:24,9124b27,2.13.0+cu130,gonzalo
33,0.2,inf,normal,fixed30,75,1e-07,4,cpu,torch,400,8,2.26102,0.0227772,4.18554,0.00396929,1.00194,0.010011,3.59227,0.00306178,30,2.625,2.22,2026-08-01T01:51:24,9124b27,2.13.0+cu130,gonzalo
33,0.2,40,normal,fixed30,75,1e-07,4,cpu,torch,400,8,2.65733,0.0270556,4.18554,0.00396929,1.19375,0.0120313,3.59227,0.00306178,30,2.712,2.22,2026-08-01T01:51:24,9124b27,2.13.0+cu130,gonzalo
33,0.2,20,normal,fixed30,75,1e-07,4,cpu,torch,400,8,4.96853,0.0504359,4.18554,0.00396929,2.95918,0.0297328,3.59227,0.00306178,30,2.687,2.22,2026-08-01T01:51:24,9124b27,2.13.0+cu130,gonzalo
33,0.4,inf,normal,fixed30,75,1e-07,4,cpu,torch,400,8,4.60086,0.0465907,8.27676,0.00862777,2.09612,0.0209756,7.12415,0.00698787,30,2.754,2.22,2026-08-01T01:51:24,9124b27,2.13.0+cu130,gonzalo
33,0.4,40,normal,fixed30,75,1e-07,4,cpu,torch,400,8,4.90449,0.0501505,8.27676,0.00862777,2.20887,0.0223203,7.12415,0.00698787,30,2.777,2.22,2026-08-01T01:51:24,9124b27,2.13.0+cu130,gonzalo
33,0.4,20,normal,fixed30,75,1e-07,4,cpu,torch,400,8,6.40903,0.0660963,8.27676,0.00862777,3.37065,0.0341733,7.12415,0.00698787,30,2.826,2.22,2026-08-01T01:51:24,9124b27,2.13.0+cu130,gonzalo
33,0.8,inf,normal,fixed30,75,1e-07,4,cpu,torch,400,8,9.77552,0.100195,16.1857,0.0222432,5.005,0.0504643,14.0094,0.019923,30,2.721,2.22,2026-08-01T01:51:24,9124b27,2.13.0+cu130,gonzalo
33,0.8,40,normal,fixed30,75,1e-07,4,cpu,torch,400,8,10.1375,0.104184,16.1857,0.0222432,5.16203,0.052173,14.0094,0.019923,30,2.641,2.22,2026-08-01T01:51:24,9124b27,2.13.0+cu130,gonzalo
33,0.8,20,normal,fixed30,75,1e-07,4,cpu,torch,400,8,10.7125,0.110557,16.1857,0.0222432,5.67764,0.0576671,14.0094,0.019923,30,2.734,2.22,2026-08-01T01:51:24,9124b27,2.13.0+cu130,gonzalo
34,0.2,inf,normal,fixed30,75,1e-07,4,cpu,torch,400,8,2.229,0.0223291,4.26157,0.00363443,1.14257,0.0113575,3.65604,0.00258226,30,2.692,2.22,2026-08-01T01:51:24,9124b27,2.13.0+cu130,gonzalo
34,0.2,40,normal,fixed30,75,1e-07,4,cpu,torch,400,8,2.52195,0.0255941,4.26157,0.00363443,1.15918,0.0116543,3.65604,0.00258226,30,2.882,2.22,2026-08-01T01:51:24,9124b27,2.13.0+cu130,gonzalo
34,0.2,20,normal,fixed30,75,1e-07,4,cpu,torch,400,8,4.58538,0.0465428,4.26157,0.00363443,2.65622,0.0266958,3.65604,0.00258226,30,2.817,2.22,2026-08-01T01:51:24,9124b27,2.13.0+cu130,gonzalo
34,0.4,inf,normal,fixed30,75,1e-07,4,cpu,torch,400,8,4.53671,0.0452821,8.45832,0.00805037,2.59204,0.0256034,7.26207,0.00606404,30,2.622,2.22,2026-08-01T01:51:24,9124b27,2.13.0+cu130,gonzalo
34,0.4,40,normal,fixed30,75,1e-07,4,cpu,torch,400,8,4.66345,0.047172,8.45832,0.00805037,2.42751,0.0242888,7.26207,0.00606404,30,2.506,2.22,2026-08-01T01:51:24,9124b27,2.13.0+cu130,gonzalo
34,0.4,20,normal,fixed30,75,1e-07,4,cpu,torch,400,8,5.70431,0.0585066,8.45832,0.00805037,2.95743,0.0299765,7.26207,0.00606404,30,2.346,2.22,2026-08-01T01:51:24,9124b27,2.13.0+cu130,gonzalo
34,0.8,inf,normal,fixed30,75,1e-07,4,cpu,torch,400,8,9.49913,0.0942702,16.66,0.0210272,6.51609,0.0634567,14.324,0.0173276,30,2.465,2.22,2026-08-01T01:51:24,9124b27,2.13.0+cu130,gonzalo
34,0.8,40,normal,fixed30,75,1e-07,4,cpu,torch,400,8,9.58993,0.095523,16.66,0.0210272,6.16181,0.0602238,14.324,0.0173276,30,2.444,2.22,2026-08-01T01:51:24,9124b27,2.13.0+cu130,gonzalo
34,0.8,20,normal,fixed30,75,1e-07,4,cpu,torch,400,8,9.85374,0.0999322,16.66,0.0210272,5.70601,0.0568656,14.324,0.0173276,30,2.367,2.22,2026-08-01T01:51:24,9124b27,2.13.0+cu130,gonzalo
35,0.2,inf,normal,fixed30,75,1e-07,4,cpu,torch,400,8,2.10509,0.0209974,4.35394,0.00869767,0.850268,0.00848852,3.77532,0.00903084,30,2.457,2.22,2026-08-01T01:51:24,9124b27,2.13.0+cu130,gonzalo
35,0.2,40,normal,fixed30,75,1e-07,4,cpu,torch,400,8,2.31726,0.0234339,4.35394,0.00869767,1.0093,0.0101599,3.77532,0.00903084,30,2.5,2.22,2026-08-01T01:51:24,9124b27,2.13.0+cu130,gonzalo
35,0.2,20,normal,fixed30,75,1e-07,4,cpu,torch,400,8,4.60406,0.0465944,4.35394,0.00869767,2.89377,0.029082,3.77532,0.00903084,30,2.299,2.22,2026-08-01T01:51:24,9124b27,2.13.0+cu130,gonzalo
35,0.4,inf,normal,fixed30,75,1e-07,4,cpu,torch,400,8,4.2832,0.0434629,8.73989,0.0202876,1.74602,0.0176186,7.57785,0.0210221,30,2.265,2.22,2026-08-01T01:51:24,9124b27,2.13.0+cu130,gonzalo
35,0.4,40,normal,fixed30,75,1e-07,4,cpu,torch,400,8,4.68168,0.0479233,8.73989,0.0202876,2.04161,0.0207054,7.57785,0.0210221,30,2.383,2.22,2026-08-01T01:51:24,9124b27,2.13.0+cu130,gonzalo
35,0.4,20,normal,fixed30,75,1e-07,4,cpu,torch,400,8,6.23668,0.0642491,8.73989,0.0202876,3.52971,0.0357228,7.57785,0.0210221,30,2.511,2.22,2026-08-01T01:51:24,9124b27,2.13.0+cu130,gonzalo
35,0.8,inf,normal,fixed30,75,1e-07,4,cpu,torch,400,8,9.55595,0.0999163,17.6069,0.0548449,4.74915,0.0489217,15.263,0.0562895,30,2.206,2.22,2026-08-01T01:51:24,9124b27,2.13.0+cu130,gonzalo
35,0.8,40,normal,fixed30,75,1e-07,4,cpu,torch,400,8,9.8562,0.103028,17.6069,0.0548449,5.05635,0.0520503,15.263,0.0562895,30,2.309,2.22,2026-08-01T01:51:24,9124b27,2.13.0+cu130,gonzalo
35,0.8,20,normal,fixed30,75,1e-07,4,cpu,torch,400,8,10.0992,0.105325,17.6069,0.0548449,5.60141,0.0575927,15.263,0.0562895,30,2.339,2.22,2026-08-01T01:51:24,9124b27,2.13.0+cu130,gonzalo
36,0.2,inf,normal,fixed30,75,1e-07,4,cpu,torch,400,8,2.43213,0.0243956,4.79511,0.0036944,1.20069,0.0120873,4.08666,0.00296145,30,2.271,2.22,2026-08-01T01:51:24,9124b27,2.13.0+cu130,gonzalo
36,0.2,40,normal,fixed30,75,1e-07,4,cpu,torch,400,8,3.10299,0.0314994,4.79511,0.0036944,1.83687,0.0186395,4.08666,0.00296145,30,2.356,2.22,2026-08-01T01:51:24,9124b27,2.13.0+cu130,gonzalo
36,0.2,20,normal,fixed30,75,1e-07,4,cpu,torch,400,8,5.46133,0.055341,4.79511,0.0036944,3.69366,0.0374655,4.08666,0.00296145,30,2.458,2.22,2026-08-01T01:51:24,9124b27,2.13.0+cu130,gonzalo
36,0.4,inf,normal,fixed30,75,1e-07,4,cpu,torch,400,8,5.4058,0.0550838,9.54161,0.00799077,3.02868,0.0309557,8.12703,0.00666619,30,2.229,2.22,2026-08-01T01:51:24,9124b27,2.13.0+cu130,gonzalo
36,0.4,40,normal,fixed30,75,1e-07,4,cpu,torch,400,8,5.90136,0.0604284,9.54161,0.00799077,3.51362,0.0360282,8.12703,0.00666619,30,2.176,2.22,2026-08-01T01:51:24,9124b27,2.13.0+cu130,gonzalo
36,0.4,20,normal,fixed30,75,1e-07,4,cpu,torch,400,8,6.86006,0.0702853,9.54161,0.00799077,4.37011,0.0446979,8.12703,0.00666619,30,2.192,2.22,2026-08-01T01:51:24,9124b27,2.13.0+cu130,gonzalo
36,0.8,inf,normal,fixed30,75,1e-07,4,cpu,torch,400,8,10.1419,0.101342,18.878,0.0254174,5.42568,0.0554019,16.0661,0.0243799,30,2.212,2.22,2026-08-01T01:51:24,9124b27,2.13.0+cu130,gonzalo
36,0.8,40,normal,fixed30,75,1e-07,4,cpu,torch,400,8,10.4172,0.104174,18.878,0.0254174,5.65986,0.0577701,16.0661,0.0243799,30,2.295,2.22,2026-08-01T01:51:24,9124b27,2.13.0+cu130,gonzalo
36,0.8,20,normal,fixed30,75,1e-07,4,cpu,torch,400,8,10.8058,0.108312,18.878,0.0254174,6.21448,0.0633417,16.0661,0.0243799,30,2.309,2.22,2026-08-01T01:51:24,9124b27,2.13.0+cu130,gonzalo
37,0.2,inf,normal,fixed30,75,1e-07,4,cpu,torch,400,8,2.48798,0.0251865,4.56338,0.00350426,1.16708,0.0117892,3.91621,0.00210109,30,2.222,2.22,2026-08-01T01:51:24,9124b27,2.13.0+cu130,gonzalo
37,0.2,40,normal,fixed30,75,1e-07,4,cpu,torch,400,8,3.34385,0.0341154,4.56338,0.00350426,1.87882,0.0190389,3.91621,0.00210109,30,2.27,2.22,2026-08-01T01:51:24,9124b27,2.13.0+cu130,gonzalo
37,0.2,20,normal,fixed30,75,1e-07,4,cpu,torch,400,8,5.73937,0.0578739,4.56338,0.00350426,3.70238,0.0373549,3.91621,0.00210109,30,2.277,2.22,2026-08-01T01:51:24,9124b27,2.13.0+cu130,gonzalo
37,0.4,inf,normal,fixed30,75,1e-07,4,cpu,torch,400,8,5.69805,0.0582519,9.08809,0.00746009,2.80752,0.0286041,7.81297,0.00509427,30,2.294,2.22,2026-08-01T01:51:24,9124b27,2.13.0+cu130,gonzalo
37,0.4,40,normal,fixed30,75,1e-07,4,cpu,torch,400,8,6.17087,0.0632528,9.08809,0.00746009,3.27023,0.0333644,7.81297,0.00509427,30,2.308,2.22,2026-08-01T01:51:24,9124b27,2.13.0+cu130,gonzalo
37,0.4,20,normal,fixed30,75,1e-07,4,cpu,torch,400,8,7.38062,0.0753001,9.08809,0.00746009,4.46838,0.0454048,7.81297,0.00509427,30,2.324,2.22,2026-08-01T01:51:24,9124b27,2.13.0+cu130,gonzalo
37,0.8,inf,normal,fixed30,75,1e-07,4,cpu,torch,400,8,10.2484,0.104286,18.0083,0.0188599,5.08925,0.0520457,15.5413,0.0161456,30,2.213,2.22,2026-08-01T01:51:24,9124b27,2.13.0+cu130,gonzalo
37,0.8,40,normal,fixed30,75,1e-07,4,cpu,torch,400,8,10.6245,0.108383,18.0083,0.0188599,5.47132,0.0560226,15.5413,0.0161456,30,2.286,2.22,2026-08-01T01:51:24,9124b27,2.13.0+cu130,gonzalo
37,0.8,20,normal,fixed30,75,1e-07,4,cpu,torch,400,8,10.9641,0.112041,18.0083,0.0188599,6.13968,0.0628773,15.5413,0.0161456,30,2.339,2.22,2026-08-01T01:51:24,9124b27,2.13.0+cu130,gonzalo
38,0.2,inf,normal,fixed30,75,1e-07,4,cpu,torch,400,8,2.08656,0.0212553,3.656,0.00387088,0.992679,0.0099484,3.02932,0.00307665,30,2.38,2.22,2026-08-01T01:51:24,9124b27,2.13.0+cu130,gonzalo
38,0.2,40,normal,fixed30,75,1e-07,4,cpu,torch,400,8,2.65831,0.027151,3.656,0.00387088,1.3234,0.0133184,3.02932,0.00307665,30,2.447,2.22,2026-08-01T01:51:24,9124b27,2.13.0+cu130,gonzalo
38,0.2,20,normal,fixed30,75,1e-07,4,cpu,torch,400,8,5.22877,0.0529285,3.656,0.00387088,3.2414,0.0325811,3.02932,0.00307665,30,2.238,2.22,2026-08-01T01:51:24,9124b27,2.13.0+cu130,gonzalo
38,0.4,inf,normal,fixed30,75,1e-07,4,cpu,torch,400,8,3.90046,0.0400636,7.36944,0.00747703,2.0471,0.020464,6.0864,0.0051858,30,2.507,2.22,2026-08-01T01:51:24,9124b27,2.13.0+cu130,gonzalo
38,0.4,40,normal,fixed30,75,1e-07,4,cpu,torch,400,8,4.45223,0.0459602,7.36944,0.00747703,2.29544,0.0231393,6.0864,0.0051858,30,2.489,2.22,2026-08-01T01:51:24,9124b27,2.13.0+cu130,gonzalo
38,0.4,20,normal,fixed30,75,1e-07,4,cpu,torch,400,8,6.67672,0.0685957,7.36944,0.00747703,3.94602,0.0398041,6.0864,0.0051858,30,2.42,2.22,2026-08-01T01:51:24,9124b27,2.13.0+cu130,gonzalo
38,0.8,inf,normal,fixed30,75,1e-07,4,cpu,torch,400,8,8.24865,0.087285,14.9954,0.0226606,4.15772,0.0423413,12.2935,0.0203505,30,2.484,2.22,2026-08-01T01:51:24,9124b27,2.13.0+cu130,gonzalo
38,0.8,40,normal,fixed30,75,1e-07,4,cpu,torch,400,8,8.75848,0.0926862,14.9954,0.0226606,4.60545,0.0470186,12.2935,0.0203505,30,2.273,2.22,2026-08-01T01:51:24,9124b27,2.13.0+cu130,gonzalo
38,0.8,20,normal,fixed30,75,1e-07,4,cpu,torch,400,8,9.66384,0.10178,14.9954,0.0226606,5.52711,0.0563815,12.2935,0.0203505,30,2.251,2.22,2026-08-01T01:51:24,9124b27,2.13.0+cu130,gonzalo
39,0.2,inf,normal,fixed30,75,1e-07,4,cpu,torch,400,8,2.62354,0.0261813,4.41665,0.00430162,1.22819,0.0123578,3.70136,0.00328311,30,2.334,2.22,2026-08-01T01:51:24,9124b27,2.13.0+cu130,gonzalo
39,0.2,40,normal,fixed30,75,1e-07,4,cpu,torch,400,8,3.2721,0.033218,4.41665,0.00430162,1.93945,0.019691,3.70136,0.00328311,30,2.364,2.22,2026-08-01T01:51:24,9124b27,2.13.0+cu130,gonzalo
39,0.2,20,normal,fixed30,75,1e-07,4,cpu,torch,400,8,5.76105,0.0577965,4.41665,0.00430162,3.93686,0.0398054,3.70136,0.00328311,30,2.472,2.22,2026-08-01T01:51:24,9124b27,2.13.0+cu130,gonzalo
39,0.4,inf,normal,fixed30,75,1e-07,4,cpu,torch,400,8,5.29545,0.0532259,8.78367,0.00929594,2.74485,0.027949,7.37835,0.00779028,30,2.418,2.22,2026-08-01T01:51:24,9124b27,2.13.0+cu130,gonzalo
39,0.4,40,normal,fixed30,75,1e-07,4,cpu,torch,400,8,5.69325,0.057604,8.78367,0.00929594,3.27507,0.0334827,7.37835,0.00779028,30,2.72,2.22,2026-08-01T01:51:24,9124b27,2.13.0+cu130,gonzalo
39,0.4,20,normal,fixed30,75,1e-07,4,cpu,torch,400,8,6.98936,0.0706878,8.78367,0.00929594,4.52173,0.0460646,7.37835,0.00779028,30,2.502,2.22,2026-08-01T01:51:24,9124b27,2.13.0+cu130,gonzalo
39,0.8,inf,normal,fixed30,75,1e-07,4,cpu,torch,400,8,10.4265,0.104281,17.3703,0.0221732,5.40714,0.055426,14.6581,0.0207595,30,2.246,2.22,2026-08-01T01:51:24,9124b27,2.13.0+cu130,gonzalo
39,0.8,40,normal,fixed30,75,1e-07,4,cpu,torch,400,8,10.6425,0.106964,17.3703,0.0221732,5.6672,0.0582016,14.6581,0.0207595,30,2.403,2.22,2026-08-01T01:51:24,9124b27,2.13.0+cu130,gonzalo
39,0.8,20,normal,fixed30,75,1e-07,4,cpu,torch,400,8,10.8478,0.109239,17.3703,0.0221732,6.15153,0.0630692,14.6581,0.0207595,30,2.526,2.22,2026-08-01T01:51:24,9124b27,2.13.0+cu130,gonzalo
40,0.2,inf,normal,fixed30,75,1e-07,4,cpu,torch,400,8,2.44122,0.0246488,4.3436,0.00209822,1.08918,0.0109009,3.81288,0.00165616,30,2.508,2.22,2026-08-01T01:51:24,9124b27,2.13.0+cu130,gonzalo
40,0.2,40,normal,fixed30,75,1e-07,4,cpu,torch,400,8,2.92186,0.0298088,4.3436,0.00209822,1.28147,0.0129292,3.81288,0.00165616,30,2.399,2.22,2026-08-01T01:51:24,9124b27,2.13.0+cu130,gonzalo
40,0.2,20,normal,fixed30,75,1e-07,4,cpu,torch,400,8,5.20955,0.0529069,4.3436,0.00209822,2.99415,0.0300751,3.81288,0.00165616,30,2.238,2.22,2026-08-01T01:51:24,9124b27,2.13.0+cu130,gonzalo
40,0.4,inf,normal,fixed30,75,1e-07,4,cpu,torch,400,8,5.03383,0.0514366,8.67211,0.0047098,2.2562,0.02271,7.62176,0.00389977,30,2.317,2.22,2026-08-01T01:51:24,9124b27,2.13.0+cu130,gonzalo
40,0.4,40,normal,fixed30,75,1e-07,4,cpu,torch,400,8,5.42465,0.0560419,8.67211,0.0047098,2.39595,0.0243546,7.62176,0.00389977,30,2.306,2.22,2026-08-01T01:51:24,9124b27,2.13.0+cu130,gonzalo
40,0.4,20,normal,fixed30,75,1e-07,4,cpu,torch,400,8,6.96418,0.0721466,8.67211,0.0047098,3.63433,0.0368641,7.62176,0.00389977,30,2.329,2.22,2026-08-01T01:51:24,9124b27,2.13.0+cu130,gonzalo
40,0.8,inf,normal,fixed30,75,1e-07,4,cpu,torch,400,8,10.3001,0.107353,17.2847,0.0123412,5.07387,0.0517394,15.2236,0.0110395,30,2.492,2.22,2026-08-01T01:51:24,9124b27,2.13.0+cu130,gonzalo
40,0.8,40,normal,fixed30,75,1e-07,4,cpu,torch,400,8,10.5362,0.109975,17.2847,0.0123412,5.3023,0.0542186,15.2236,0.0110395,30,2.446,2.22,2026-08-01T01:51:24,9124b27,2.13.0+cu130,gonzalo
40,0.8,20,normal,fixed30,75,1e-07,4,cpu,torch,400,8,10.9367,0.114049,17.2847,0.0123412,5.85734,0.0600315,15.2236,0.0110395,30,2.385,2.22,2026-08-01T01:51:24,9124b27,2.13.0+cu130,gonzalo
41,0.2,inf,normal,fixed30,75,1e-07,4,cpu,torch,400,8,2.13016,0.0216827,4.45575,0.00261584,0.906712,0.00912807,3.84915,0.00222962,30,2.242,2.22,2026-08-01T01:51:24,9124b27,2.13.0+cu130,gonzalo
41,0.2,40,normal,fixed30,75,1e-07,4,cpu,torch,400,8,2.86416,0.0292992,4.45575,0.00261584,1.45465,0.0146989,3.84915,0.00222962,30,2.356,2.22,2026-08-01T01:51:24,9124b27,2.13.0+cu130,gonzalo
41,0.2,20,normal,fixed30,75,1e-07,4,cpu,torch,400,8,5.16391,0.0525163,4.45575,0.00261584,3.29841,0.0332674,3.84915,0.00222962,30,2.6,2.22,2026-08-01T01:51:24,9124b27,2.13.0+cu130,gonzalo
41,0.4,inf,normal,fixed30,75,1e-07,4,cpu,torch,400,8,4.67088,0.0482812,8.94923,0.00508371,2.14724,0.0218007,7.71337,0.00428663,30,2.241,2.22,2026-08-01T01:51:24,9124b27,2.13.0+cu130,gonzalo
41,0.4,40,normal,fixed30,75,1e-07,4,cpu,torch,400,8,5.25689,0.054398,8.94923,0.00508371,2.71819,0.0276667,7.71337,0.00428663,30,2.517,2.22,2026-08-01T01:51:24,9124b27,2.13.0+cu130,gonzalo
41,0.4,20,normal,fixed30,75,1e-07,4,cpu,torch,400,8,6.51071,0.0671317,8.94923,0.00508371,3.91058,0.0397123,7.71337,0.00428663,30,2.38,2.22,2026-08-01T01:51:24,9124b27,2.13.0+cu130,gonzalo
41,0.8,inf,normal,fixed30,75,1e-07,4,cpu,torch,400,8,9.07883,0.0951743,18.0516,0.0109207,4.81907,0.0494481,15.488,0.00936781,30,2.426,2.22,2026-08-01T01:51:24,9124b27,2.13.0+cu130,gonzalo
41,0.8,40,normal,fixed30,75,1e-07,4,cpu,torch,400,8,9.32367,0.0977696,18.0516,0.0109207,5.08526,0.0522014,15.488,0.00936781,30,2.61,2.22,2026-08-01T01:51:24,9124b27,2.13.0+cu130,gonzalo
41,0.8,20,normal,fixed30,75,1e-07,4,cpu,torch,400,8,9.76635,0.102268,18.0516,0.0109207,5.6639,0.0581396,15.488,0.00936781,30,2.387,2.22,2026-08-01T01:51:24,9124b27,2.13.0+cu130,gonzalo
42,0.2,inf,normal,fixed30,75,1e-07,4,cpu,torch,400,8,2.55554,0.0259057,4.4968,0.00391422,1.02029,0.010274,3.9526,0.00322913,30,2.45,2.22,2026-08-01T01:51:24,9124b27,2.13.0+cu130,gonzalo
42,0.2,40,normal,fixed30,75,1e-07,4,cpu,torch,400,8,3.18911,0.0325036,4.4968,0.00391422,1.55987,0.0157407,3.9526,0.00322913,30,2.464,2.22,2026-08-01T01:51:24,9124b27,2.13.0+cu130,gonzalo
42,0.2,20,normal,fixed30,75,1e-07,4,cpu,torch,400,8,5.76468,0.0581647,4.4968,0.00391422,3.62152,0.0363963,3.9526,0.00322913,30,2.345,2.22,2026-08-01T01:51:24,9124b27,2.13.0+cu130,gonzalo
42,0.4,inf,normal,fixed30,75,1e-07,4,cpu,torch,400,8,6.00209,0.0618566,9.02058,0.00801147,2.81611,0.0286398,7.9398,0.00625831,30,2.251,2.22,2026-08-01T01:51:24,9124b27,2.13.0+cu130,gonzalo
42,0.4,40,normal,fixed30,75,1e-07,4,cpu,torch,400,8,6.58865,0.0679712,9.02058,0.00801147,3.32694,0.0338068,7.9398,0.00625831,30,2.447,2.22,2026-08-01T01:51:24,9124b27,2.13.0+cu130,gonzalo
42,0.4,20,normal,fixed30,75,1e-07,4,cpu,torch,400,8,7.66113,0.078711,9.02058,0.00801147,4.42982,0.0448355,7.9398,0.00625831,30,2.383,2.22,2026-08-01T01:51:24,9124b27,2.13.0+cu130,gonzalo
42,0.8,inf,normal,fixed30,75,1e-07,4,cpu,torch,400,8,10.8918,0.113552,18.1535,0.0182566,6.25548,0.0648696,16.0246,0.0136784,30,2.617,2.22,2026-08-01T01:51:24,9124b27,2.13.0+cu130,gonzalo
42,0.8,40,normal,fixed30,75,1e-07,4,cpu,torch,400,8,11.2056,0.116734,18.1535,0.0182566,6.54657,0.0678702,16.0246,0.0136784,30,2.442,2.22,2026-08-01T01:51:24,9124b27,2.13.0+cu130,gonzalo
42,0.8,20,normal,fixed30,75,1e-07,4,cpu,torch,400,8,11.3405,0.117891,18.1535,0.0182566,6.84254,0.0707948,16.0246,0.0136784,30,2.482,2.22,2026-08-01T01:51:24,9124b27,2.13.0+cu130,gonzalo
43,0.2,inf,normal,fixed30,75,1e-07,4,cpu,torch,400,8,2.142,0.0216625,3.785,0.003126,1.03901,0.0104224,2.91869,0.00254605,30,2.366,2.22,2026-08-01T01:51:24,9124b27,2.13.0+cu130,gonzalo
43,0.2,40,normal,fixed30,75,1e-07,4,cpu,torch,400,8,2.99304,0.0304736,3.785,0.003126,1.58265,0.0159855,2.91869,0.00254605,30,2.496,2.22,2026-08-01T01:51:24,9124b27,2.13.0+cu130,gonzalo
43,0.2,20,normal,fixed30,75,1e-07,4,cpu,torch,400,8,5.7465,0.0581567,3.785,0.003126,3.56245,0.0359054,2.91869,0.00254605,30,2.379,2.22,2026-08-01T01:51:24,9124b27,2.13.0+cu130,gonzalo
43,0.4,inf,normal,fixed30,75,1e-07,4,cpu,torch,400,8,4.43729,0.0452274,7.56247,0.00624932,2.30472,0.023144,5.82068,0.00426351,30,2.493,2.22,2026-08-01T01:51:24,9124b27,2.13.0+cu130,gonzalo
43,0.4,40,normal,fixed30,75,1e-07,4,cpu,torch,400,8,5.27441,0.0542074,7.56247,0.00624932,2.76623,0.0280916,5.82068,0.00426351,30,2.309,2.22,2026-08-01T01:51:24,9124b27,2.13.0+cu130,gonzalo
43,0.4,20,normal,fixed30,75,1e-07,4,cpu,torch,400,8,7.42627,0.0760323,7.56247,0.00624932,4.38686,0.0444298,5.82068,0.00426351,30,2.404,2.22,2026-08-01T01:51:24,9124b27,2.13.0+cu130,gonzalo
43,0.8,inf,normal,fixed30,75,1e-07,4,cpu,torch,400,8,9.01731,0.0934012,15.105,0.0168554,4.72149,0.0479067,11.5793,0.0115866,30,2.322,2.22,2026-08-01T01:51:24,9124b27,2.13.0+cu130,gonzalo
43,0.8,40,normal,fixed30,75,1e-07,4,cpu,torch,400,8,9.55569,0.0993908,15.105,0.0168554,5.05447,0.0516201,11.5793,0.0115866,30,2.396,2.22,2026-08-01T01:51:24,9124b27,2.13.0+cu130,gonzalo
43,0.8,20,normal,fixed30,75,1e-07,4,cpu,torch,400,8,10.4113,0.108507,15.105,0.0168554,5.79945,0.0593705,11.5793,0.0115866,30,2.309,2.22,2026-08-01T01:51:24,9124b27,2.13.0+cu130,gonzalo
44,0.2,inf,normal,fixed30,75,1e-07,4,cpu,torch,400,8,2.12892,0.0213966,4.50777,0.00132028,0.935286,0.00935121,3.37794,0.000813472,30,2.526,2.22,2026-08-01T01:51:24,9124b27,2.13.0+cu130,gonzalo
44,0.2,40,normal,fixed30,75,1e-07,4,cpu,torch,400,8,2.63545,0.0267293,4.50777,0.00132028,1.25212,0.0126067,3.37794,0.000813472,30,2.369,2.22,2026-08-01T01:51:24,9124b27,2.13.0+cu130,gonzalo
44,0.2,20,normal,fixed30,75,1e-07,4,cpu,torch,400,8,4.71487,0.0480306,4.50777,0.00132028,2.95786,0.0298426,3.37794,0.000813472,30,2.412,2.22,2026-08-01T01:51:24,9124b27,2.13.0+cu130,gonzalo
44,0.4,inf,normal,fixed30,75,1e-07,4,cpu,torch,400,8,4.37438,0.0440778,8.95706,0.00298618,1.94789,0.01948,6.73641,0.00193499,30,2.371,2.22,2026-08-01T01:51:24,9124b27,2.13.0+cu130,gonzalo
44,0.4,40,normal,fixed30,75,1e-07,4,cpu,torch,400,8,4.67485,0.0474674,8.95706,0.00298618,2.09611,0.0211419,6.73641,0.00193499,30,2.386,2.22,2026-08-01T01:51:24,9124b27,2.13.0+cu130,gonzalo
44,0.4,20,normal,fixed30,75,1e-07,4,cpu,torch,400,8,5.9256,0.0609558,8.95706,0.00298618,3.32644,0.0337275,6.73641,0.00193499,30,2.527,2.22,2026-08-01T01:51:24,9124b27,2.13.0+cu130,gonzalo
44,0.8,inf,normal,fixed30,75,1e-07,4,cpu,torch,400,8,10.0673,0.10034,17.6807,0.00903249,4.78415,0.0476821,13.3939,0.00741987,30,2.647,2.22,2026-08-01T01:51:24,9124b27,2.13.0+cu130,gonzalo
44,0.8,40,normal,fixed30,75,1e-07,4,cpu,torch,400,8,10.2201,0.102483,17.6807,0.00903249,4.87605,0.0489053,13.3939,0.00741987,30,2.704,2.22,2026-08-01T01:51:24,9124b27,2.13.0+cu130,gonzalo
44,0.8,20,normal,fixed30,75,1e-07,4,cpu,torch,400,8,10.6701,0.108062,17.6807,0.00903249,5.33768,0.053963,13.3939,0.00741987,30,3.314,2.22,2026-08-01T01:51:24,9124b27,2.13.0+cu130,gonzalo
45,0.2,inf,normal,fixed30,75,1e-07,4,cpu,torch,400,8,2.81765,0.0286193,4.04669,0.0063691,1.51813,0.0153679,2.64661,0.00459715,30,2.864,2.22,2026-08-01T01:51:24,9124b27,2.13.0+cu130,gonzalo
45,0.2,40,normal,fixed30,75,1e-07,4,cpu,torch,400,8,3.96821,0.0401692,4.04669,0.0063691,2.36664,0.0240121,2.64661,0.00459715,30,4.169,2.22,2026-08-01T01:51:24,9124b27,2.13.0+cu130,gonzalo
45,0.2,20,normal,fixed30,75,1e-07,4,cpu,torch,400,8,6.61246,0.0662732,4.04669,0.0063691,4.26678,0.0431147,2.64661,0.00459715,30,3.256,2.22,2026-08-01T01:51:24,9124b27,2.13.0+cu130,gonzalo
45,0.4,inf,normal,fixed30,75,1e-07,4,cpu,torch,400,8,5.34794,0.0544607,8.24789,0.0168787,3.01828,0.0308559,5.37812,0.0148678,30,3.497,2.22,2026-08-01T01:51:24,9124b27,2.13.0+cu130,gonzalo
45,0.4,40,normal,fixed30,75,1e-07,4,cpu,torch,400,8,6.41852,0.06509,8.24789,0.0168787,3.76062,0.0384067,5.37812,0.0148678,30,3.782,2.22,2026-08-01T01:51:24,9124b27,2.13.0+cu130,gonzalo
45,0.4,20,normal,fixed30,75,1e-07,4,cpu,torch,400,8,8.69602,0.0875425,8.24789,0.0168787,5.3076,0.0538292,5.37812,0.0148678,30,4.022,2.22,2026-08-01T01:51:24,9124b27,2.13.0+cu130,gonzalo
45,0.8,inf,normal,fixed30,75,1e-07,4,cpu,torch,400,8,10.12,0.104188,17.147,0.0882447,5.28818,0.0542987,11.1144,0.0981605,30,3.913,2.22,2026-08-01T01:51:24,9124b27,2.13.0+cu130,gonzalo
45,0.8,40,normal,fixed30,75,1e-07,4,cpu,torch,400,8,10.883,0.11184,17.147,0.0882447,5.83735,0.059812,11.1144,0.0981605,30,3.826,2.22,2026-08-01T01:51:24,9124b27,2.13.0+cu130,gonzalo
45,0.8,20,normal,fixed30,75,1e-07,4,cpu,torch,400,8,11.6517,0.119234,17.147,0.0882447,6.58112,0.0670642,11.1144,0.0981605,30,4.494,2.22,2026-08-01T01:51:24,9124b27,2.13.0+cu130,gonzalo
46,0.2,inf,normal,fixed30,75,1e-07,4,cpu,torch,400,8,2.53208,0.0251356,4.3072,0.00275237,1.24261,0.012498,3.68074,0.00243744,30,3.559,2.22,2026-08-01T01:51:24,9124b27,2.13.0+cu130,gonzalo
46,0.2,40,normal,fixed30,75,1e-07,4,cpu,torch,400,8,3.04265,0.0309136,4.3072,0.00275237,1.89924,0.0193133,3.68074,0.00243744,30,3.592,2.22,2026-08-01T01:51:24,9124b27,2.13.0+cu130,gonzalo
46,0.2,20,normal,fixed30,75,1e-07,4,cpu,torch,400,8,5.12561,0.051613,4.3072,0.00275237,3.61922,0.0367259,3.68074,0.00243744,30,4.016,2.22,2026-08-01T01:51:24,9124b27,2.13.0+cu130,gonzalo
46,0.4,inf,normal,fixed30,75,1e-07,4,cpu,torch,400,8,5.1106,0.0513919,8.61703,0.00623034,2.80094,0.0286535,7.38038,0.00589358,30,3.343,2.22,2026-08-01T01:51:24,9124b27,2.13.0+cu130,gonzalo
46,0.4,40,normal,fixed30,75,1e-07,4,cpu,torch,400,8,5.29301,0.0537611,8.61703,0.00623034,3.22273,0.0331482,7.38038,0.00589358,30,3.76,2.22,2026-08-01T01:51:24,9124b27,2.13.0+cu130,gonzalo
46,0.4,20,normal,fixed30,75,1e-07,4,cpu,torch,400,8,6.28968,0.0639553,8.61703,0.00623034,4.249,0.0435527,7.38038,0.00589358,30,4.12,2.22,2026-08-01T01:51:24,9124b27,2.13.0+cu130,gonzalo
46,0.8,inf,normal,fixed30,75,1e-07,4,cpu,torch,400,8,9.40611,0.0933534,17.2483,0.0149582,4.92227,0.050719,14.8374,0.014944,30,3.937,2.22,2026-08-01T01:51:24,9124b27,2.13.0+cu130,gonzalo
46,0.8,40,normal,fixed30,75,1e-07,4,cpu,torch,400,8,9.63852,0.0964942,17.2483,0.0149582,5.18627,0.0536499,14.8374,0.014944,30,3.786,2.22,2026-08-01T01:51:24,9124b27,2.13.0+cu130,gonzalo
46,0.8,20,normal,fixed30,75,1e-07,4,cpu,torch,400,8,10.011,0.101235,17.2483,0.0149582,5.81245,0.0601711,14.8374,0.014944,30,4.357,2.22,2026-08-01T01:51:24,9124b27,2.13.0+cu130,gonzalo
47,0.2,inf,normal,fixed30,75,1e-07,4,cpu,torch,400,8,2.80481,0.0284189,4.72858,0.00197282,1.09735,0.0110479,4.12257,0.00177876,30,3.987,2.22,2026-08-01T01:51:24,9124b27,2.13.0+cu130,gonzalo
47,0.2,40,normal,fixed30,75,1e-07,4,cpu,torch,400,8,3.34055,0.0341092,4.72858,0.00197282,1.46752,0.0148353,4.12257,0.00177876,30,3.621,2.22,2026-08-01T01:51:24,9124b27,2.13.0+cu130,gonzalo
47,0.2,20,normal,fixed30,75,1e-07,4,cpu,torch,400,8,5.68979,0.0577059,4.72858,0.00197282,3.35233,0.0336959,4.12257,0.00177876,30,4.044,2.22,2026-08-01T01:51:24,9124b27,2.13.0+cu130,gonzalo
47,0.4,inf,normal,fixed30,75,1e-07,4,cpu,torch,400,8,6.05931,0.0625235,9.44689,0.00431821,2.53245,0.0257953,8.26273,0.00405887,30,4.229,2.22,2026-08-01T01:51:24,9124b27,2.13.0+cu130,gonzalo
47,0.4,40,normal,fixed30,75,1e-07,4,cpu,torch,400,8,6.54097,0.067726,9.44689,0.00431821,2.9362,0.0299187,8.26273,0.00405887,30,33.118,2.22,2026-08-01T01:51:24,9124b27,2.13.0+cu130,gonzalo
47,0.4,20,normal,fixed30,75,1e-07,4,cpu,torch,400,8,7.68788,0.0794431,9.44689,0.00431821,4.06837,0.0412485,8.26273,0.00405887,30,40.434,2.22,2026-08-01T01:51:24,9124b27,2.13.0+cu130,gonzalo
47,0.8,inf,normal,fixed30,75,1e-07,4,cpu,torch,400,8,11.7709,0.122981,18.8436,0.0104026,6.31337,0.065466,16.5911,0.0102983,30,26.242,2.22,2026-08-01T01:51:24,9124b27,2.13.0+cu130,gonzalo
47,0.8,40,normal,fixed30,75,1e-07,4,cpu,torch,400,8,11.9961,0.125153,18.8436,0.0104026,6.5441,0.0678023,16.5911,0.0102983,30,9.279,2.22,2026-08-01T01:51:24,9124b27,2.13.0+cu130,gonzalo
47,0.8,20,normal,fixed30,75,1e-07,4,cpu,torch,400,8,12.0885,0.125777,18.8436,0.0104026,6.81312,0.0704379,16.5911,0.0102983,30,2.368,2.22,2026-08-01T01:51:24,9124b27,2.13.0+cu130,gonzalo
48,0.2,inf,normal,fixed30,75,1e-07,4,cpu,torch,400,8,1.4301,0.0143495,4.07237,0.00147086,0.550021,0.00550249,3.16706,0.000992605,30,2.433,2.22,2026-08-01T01:51:24,9124b27,2.13.0+cu130,gonzalo
48,0.2,40,normal,fixed30,75,1e-07,4,cpu,torch,400,8,1.98518,0.0201317,4.07237,0.00147086,1.04759,0.0105612,3.16706,0.000992605,30,2.396,2.22,2026-08-01T01:51:24,9124b27,2.13.0+cu130,gonzalo
48,0.2,20,normal,fixed30,75,1e-07,4,cpu,torch,400,8,4.58234,0.0461523,4.07237,0.00147086,3.04701,0.0306303,3.16706,0.000992605,30,2.336,2.22,2026-08-01T01:51:24,9124b27,2.13.0+cu130,gonzalo
48,0.4,inf,normal,fixed30,75,1e-07,4,cpu,torch,400,8,3.52701,0.0358427,8.13322,0.00355238,1.44806,0.0146311,6.32722,0.00272656,30,2.462,2.22,2026-08-01T01:51:24,9124b27,2.13.0+cu130,gonzalo
48,0.4,40,normal,fixed30,75,1e-07,4,cpu,torch,400,8,4.16691,0.0427056,8.13322,0.00355238,2.00664,0.0203694,6.32722,0.00272656,30,2.344,2.22,2026-08-01T01:51:24,9124b27,2.13.0+cu130,gonzalo
48,0.4,20,normal,fixed30,75,1e-07,4,cpu,torch,400,8,6.20332,0.0634141,8.13322,0.00355238,3.78035,0.0382064,6.32722,0.00272656,30,2.274,2.22,2026-08-01T01:51:24,9124b27,2.13.0+cu130,gonzalo
